base_verb,english_meaning,ana,ni7na,inta,inte,into,huwe,hiyye,hinne
2a3ad,to sit,b2a3od,mn2a3od,bt2a3od,bt2a3de,bt2a3do,by2a3od,bt2a3od,by2a3do
2aal,to say,b2oul,mn2oul,bt2oul,bt2oule,bt2oulo,by2oul,bt2oul,by2oulo
2abar,to bury,b2bor,mn2bor,bt2bor,bt2bre,bt2bro,by2bor,bt2bor,by2bro
2ada,to spend time,b2adde,mn2adde,bt2adde,bt2adde,bt2addo,by2adde,bt2adde,by2addo
2alab,to turn/flip,b2leb,mn2leb,bt2leb,bt2lbe,bt2lbo,by2leb,bt2leb,by2lbo
2am,to stand up,b2oum,mn2oum,bt2oum,bt2oume,bt2oumo,by2oum,bt2oum,by2oumo
2amen,to believe,b2emen,mn2emen,bt2emen,bt2emne,bt2emno,by2emen,bt2emen,by2emno
2arab,to be related,b2rab,mn2rab,bt2rab,bt2rabe,bt2rabo,by2rab,bt2rab,by2rabo
2arrab,to come near,b2arreb,mn2arreb,bt2arreb,bt2arrbe,bt2arrbo,by2arreb,bt2arreb,by2arrbo
2arrar,to decide,b2arrer,mn2arrer,bt2arrer,bt2arrre,bt2arrro,by2arrer,bt2arrer,by2arrro
2asad,to mean/intend,b2sod,mn2sod,bt2sod,bt2sde,bt2sdo,by2sod,bt2sod,by2sdo
2atal,to kill,be2tol,mne2tol,bte2tol,bte2tle,bte2tlo,bye2tol,bte2tol,bye2tlo
2atta3,to cut/pass,b2atte3,mn2atte3,bt2atte3,bt2att3e,bt2att3o,by2atte3,bt2atte3,by2att3o
2ebel,to accept,be2bal,mne2bal,bte2bal,bte2bale,bte2balo,bye2bal,bte2bal,bye2balo
2ele2,to worry,be2la2,mne2la2,bte2la2,bte2la2e,bte2la2o,bye2la2,bte2la2,bye2la2o
2elib,to flip over,be2leb,mne2leb,bte2leb,bte2lbe,bte2lbo,bye2leb,bte2leb,bye2lbo
3abar,to cross,be3bor,mne3bor,bte3bor,bte3bre,bte3bro,bye3bor,bte3bor,bye3bro
3alla2,to hang/get stuck,b3alle2,mn3alle2,bt3alle2,bt3al2e,bt3al2o,by3alle2,bt3alle2,by3al2o
3amal,to do/make,ba3mol,mna3mol,bta3mol,bta3mle,bta3mlo,bya3mol,bta3mol,bya3mlo
3ammar,to build,b3ammer,mn3ammer,bt3ammer,bt3ammre,bt3ammro,by3ammer,bt3ammer,by3ammro
3ana,to suffer,b3ane,mn3ane,bt3ane,bt3ane,bt3ano,by3ane,bt3ane,by3ano
3arbash,to climb,b3arbesh,mn3arbesh,bt3arbesh,bt3arbeshe,bt3arbesho,by3arbesh,bt3arbesh,by3arbesho
3arraf,to define,b3arref,mn3arref,bt3arref,bt3arrfe,bt3arrfo,by3arref,bt3arref,by3arrfo
3ash,to live,b3eesh,mn3eesh,bt3eesh,bt3eeshe,bt3eesho,by3eesh,bt3eesh,by3eesho
3assab,to be angry,b3asseb,mn3asseb,bt3asseb,bt3assbe,bt3assbo,by3asseb,bt3asseb,by3assbo
3ayyat,to yell/call out,b3ayyet,mn3ayyet,bt3ayyet,bt3ayyte,bt3ayyto,by3ayyet,bt3ayyet,by3ayyto
3azam,to invite,b3zom,mn3zom,bt3zom,bt3zome,bt3zomo,by3zom,bt3zom,by3zomo
3elem,to know,b3lam,mn3lam,bt3lam,bt3lame,bt3lamo,by3lam,bt3lam,by3lamo
3jeb,to impress,be3job,mne3job,bte3job,bte3jbe,bte3jbo,bye3job,bte3job,bye3jbo
3ref,to know,be3ref,mne3ref,bte3ref,bte3rfe,bte3rfo,bye3ref,bte3ref,bye3rfo
7abb,to like/love,b7ebb,mn7ebb,bt7ebb,bt7ebbe,bt7ebbo,by7ebb,bt7ebb,by7ebbo
7addad,to determine,b7added,mn7added,bt7added,bt7addde,bt7adddo,by7added,bt7added,by7adddo
7addar,to prepare,b7adder,mn7adder,bt7adder,bt7addre,bt7addro,by7adder,bt7adder,by7addro
7afaz,to memorize,be7faz,mne7faz,bte7faz,bte7faze,bte7fazo,bye7faz,bte7faz,bye7fazo
7affaz,to stimulate/motivate,b7affez,mn7affez,bt7affez,bt7affze,bt7affzo,by7affez,bt7affez,by7affzo
7ajaz,to reserve,be7joz,mne7joz,bte7joz,bte7jze,bte7jzo,bye7joz,bte7joz,bye7jzo
7allal,to analyze,b7allel,mn7allel,bt7allel,bt7alle,bt7alllo,by7allel,bt7allel,by7alllo
7ama,to protect,be7me,mne7me,bte7me,bte7me,bte7mo,bye7me,bte7me,bye7mo
7ara2,to burn,be7ro2,mne7ro2,bte7ro2,bte7r2e,bte7r2o,bye7ro2,bte7ro2,bye7r2o
7areb,to fight,b7areb,mn7areb,bt7areb,bt7arbe,bt7arbo,by7areb,bt7areb,by7arbo
7att,to put,be7ott,mne7ott,bte7ott,bte7otte,bte7otto,bye7ott,bte7ott,bye7otto
7awwal,to transform,b7awwel,mn7awwel,bt7awwel,bt7awle,bt7awlo,by7awwel,bt7awwel,by7awlo
7efez,to memorize/preserve,be7faz,mne7faz,bte7faz,bte7faze,bte7fazo,bye7faz,bte7faz,bye7fazo
7is,to feel,b7iss,mn7iss,bt7iss,bt7isse,bt7isso,by7iss,bt7iss,by7isso
7tafal,to celebrate,be7tefel,mne7tefel,bte7tefel,bte7tefle,bte7teflo,bye7tefel,bte7tefel,bye7teflo
7tar,to be confused,be7tar,mne7tar,bte7tar,bte7tare,bte7taro,bye7tar,bte7tar,bye7taro
a3ta,to give,ba3te,mna3te,bta3te,bta3te,bta3to,bya3te,bta3te,bya3to
ab7as,to research,beb7as,mneb7as,bteb7as,bteb7ase,bteb7aso,byeb7as,bteb7as,byeb7aso
adda,to lead to,bedde,mnedde,btedde,btedde,bteddo,byedde,btedde,byeddo
ahmal,to neglect,behmel,mnehmel,btehmel,btehmle,btehmlo,byehmel,btehmel,byehmlo
al,said/say,b2oul,mn2oul,bt2oul,bt2oule,bt2oulo,by2oul,bt2oul,by2oulo
as2at,to topple / bring down,bes2et,mnes2et,btes2et,btes2te,btes2to,byes2et,btes2et,byes2to
ashraf,to overlook / supervise,beshref,mneshref,bteshref,bteshrfe,bteshrfo,byeshref,bteshref,byeshrfo
assas,to found/establish,b2asses,mn2asses,bt2asses,bt2assse,bt2assso,by2asses,bt2asses,by2assso
awas,to shoot,b2awwes,mn2awwes,bt2awwes,bt2awwse,bt2awwso,by2awwes,bt2awwes,by2awwso
azza,to hurt/harm,b2azze,mn2azze,bt2azze,bt2azze,bt2azzo,by2azze,bt2azze,by2azzo
b7ib,to like/love,b7ibb,mn7ibb,bt7ibb,bt7ibbe,bt7ibbo,by7ibb,bt7ibb,by7ibbo
ba33ad,to be far/distance,bba33ed,mnba33ed,btba33ed,btba33de,btba33do,byba33ed,btba33ed,byba33do
ba3at,to send,bib3at,mnib3at,btib3at,btib3ate,btib3ato,byib3at,btib3at,byib3ato
ba3raf,to know,ba3ref,mna3ref,bta3ref,bta3rfe,bta3rfo,bya3ref,bta3ref,bya3rfo
ba7la2,to stare,bba7le2,mnba7le2,btba7le2,btba7l2e,btba7l2o,byba7le2,btba7le2,byba7l2o
baa3,to sell,bbee3,mnbee3,btbee3,btbee3e,btbee3o,bybee3,btbee3,bybee3o
ballash,to start,bballesh,mnballesh,btballesh,btballshe,btballsho,byballesh,btballesh,byballsho
bana,to build,bebne,mnebne,btebne,btebne,btebno,byebne,btebne,byebno
baram,to go around/circle,bberom,mnberom,btberom,btberme,btbermo,byberom,btberom,bybermo
baraz,to emerge / stand out,bebroz,mnebroz,btebroz,btebroze,btebrozo,byebroz,btebroz,byebrozo
battal,to stop,bbattel,mnbattel,btbattel,btbattle,btbattlo,bybattel,btbattel,bybattlo
be2der,to be able to,be2der,mne2der,bte2der,bte2dre,bte2dro,bye2der,bte2der,bye2dro
be2la2,to worry,be2la2,mne2la2,bte2la2,bte2la2e,bte2la2o,bye2la2,bte2la2,bye2la2o
beke,to cry,bebke,mnebke,btebke,btebke,btebko,byebke,btebke,byebko
beye2,to stay,bib2a,mnib2a,btib2a,btib2e,btib2o,byib2a,btib2a,byib2o
byekhod,to take,bekhod,mnekhod,btekhod,btekhde,btekhdo,byekhod,btekhod,byekhdo
da22,to knock/strike,bde22,mnde22,btde22,btde22e,btde22o,byde22,btde22,byde22o
da3a,to call for,bed3i,mned3i,bted3i,bted3e,bted3o,byed3i,bted3i,byed3o
da77ak,to make laugh,bda77ek,mnda77ek,btda77ek,btda77ke,btda77ko,byda77ek,btda77ek,byda77ko
dabb,to organize/pack,bdebb,mndebb,btdebb,btdebbe,btdebbo,bydebb,btdebb,bydebbo
dabbar,to manage/figure out,bdabber,mndabber,btdabber,btdabbre,btdabbro,bydabber,btdabber,bydabbro
dafa3,to pay,bedfa3,mnedfa3,btedfa3,btedfa3e,btedfa3o,byedfa3,btedfa3,byedfa3o
dahan,to smear/paint,bedhen,mnedhen,btedhen,btedhne,btedhno,byedhen,btedhen,byedhno
dakhal,to enter,bedkhol,mnedkhol,btedkhol,btedkhle,btedkhlo,byedkhol,btedkhol,byedkhlo
dakhan,to smoke,bdakhen,mndakhen,btdakhen,btdakhne,btdakhno,bydakhen,btdakhen,bydakhno
dall,to stay/remain,bdall,mndall,btdall,btdalle,btdallo,bydall,btdall,bydallo
darrab,to train/practice,bdarreb,mndarreb,btdarreb,btdarrbe,btdarrbo,bydarreb,btdarreb,bydarrbo
dawbal,to overtake (vehicle),bdawbel,mndawbel,btdawbel,btdawble,btdawblo,bydawbel,btdawbel,bydawblo
dayya3,to waste/lose,bdayye3,mndayye3,btdayye3,btdayy3e,btdayy3o,bydayye3,btdayye3,bydayy3o
de77ek,to laugh,bde77ek,mnde77ek,btde77ek,btde77ke,btde77ko,byde77ek,btde77ek,byde77ko
defa3,to defend,bdefe3,mndefe3,btdefe3,btdef3e,btdef3o,bydefe3,btdefe3,bydef3o
ekel,to eat,bekol,mnekol,btekol,btekle,bteklo,byekol,btekol,byeklo
ekhtara3,to invent,bekhtere3,mnekhtere3,btekhtere3,btekhter3e,btekhter3o,byekhtere3,btekhtere3,byekhter3o
erte7,to rest/be at ease,berte7,mnerte7,bterte7,btert7e,btert7o,byerte7,bterte7,byert7o
esma3,to listen,besma3,mnesma3,btesma3,btesm3e,btesm3o,byesma3,btesma3,byesm3o
etalla3,to look at,btetalla3,mnetalla3,btetalla3,btetall3e,btetall3o,byetalla3,btetalla3,byetall3o
fakkar,to think,bfakker,mnfakker,btfakker,btfakkre,btfakkro,byfakker,btfakker,byfakkro
fall,to leave,bfell,mnfell,btfell,btfelle,btfello,byfell,btfell,byfello
fara2,to differ/make a difference,bfre2,mnfre2,btfre2,btfr2e,btfr2o,byfre2,btfre2,byfr2o
farja,to show,bfarje,mnfarje,btfarje,btfarje,btfarjo,byfarje,btfarje,byfarjo
fassad,to corrupt,bfassed,mnfassed,btfassed,btfassde,btfassdo,byfassed,btfassed,byfassdo
fattash,to search,bfattesh,mnfattesh,btfattesh,btfattshe,btfattsho,byfattesh,btfattesh,byfattsho
fe2,to wake up,bfi2,mnfi2,btfi2,btfi2e,btfi2o,byfi2,btfi2,byfi2o
ferede,to accept / be content with,berda,mnerda,bterda,bterde,bterdo,byerda,bterda,byerdo
feshel,to fail,befshal,mnefshal,btefshal,btefshale,btefshalo,byefshal,btefshal,byefshalo
fet,to pass/go by,bfit,mnfit,btfit,btfite,btfito,byfit,btfit,byfito
ghanne,to sing,bghanne,mnghanne,btghanne,btghanne,btghanno,byghanne,btghanne,byghanno
ghasal,to wash,bighsol,mnighsol,btighsol,btighsle,btighslo,byighsol,btighsol,byighslo
ghayyar,to change,bghayyer,mnghayyer,btghayyer,btghayyre,btghayyro,byghayyer,btghayyer,byghayyro
gheb,to disappear,bghib,mnghib,btghib,btghibe,btghibo,byghib,btghib,byghibo
ghere2,to drown,bighra2,mnighra2,btighra2,btighra2e,btighra2o,byighra2,btighra2,byighra2o
ha22a2,to achieve,bha22e2,mnha22e2,btha22e2,btha22e2e,btha22e2o,byha22e2,btha22e2,byha22e2o
hadda,to calm,bhadde,mnhadde,bthadde,bthadde,bthaddo,byhadde,bthadde,byhaddo
hajam,to attack,behjom,mnehjom,btehjom,btehjme,btehjmo,byehjom,btehjom,byehjmo
hamma,to concern / matter,bhemm,mnhemm,bthemm,bthemme,bthemmo,byhemm,bthemm,byhemmo
hammal,to hold responsible,bhammel,mnhammel,bthammel,bthammle,bthammlo,byhammel,bthammel,byhammlo
hammas,to toast/roast,bhammes,mnhammes,bthammes,bthammse,bthammso,byhammes,bthammes,byhammso
hasar,to besiege,be7sor,mne7sor,bte7sor,bte7sre,bte7sro,bye7sor,bte7sor,bye7sro
hazzab,to discipline/refine,bhazzeb,mnhazzeb,bthazzeb,bthazzbe,bthazzbo,byhazzeb,bthazzeb,byhazzbo
i3timad,to rely on,bi3temed,mni3temed,bti3temed,bti3temde,bti3temdo,byi3temed,bti3temed,byi3temdo
ija,to come,bije,mnije,btije,btije,btijo,byije,btije,byijo
ikhtafa,to disappear,bikhtfe,mnikhtfe,btikhtfe,btikhtfe,btikhtfo,byikhtfe,btikhtfe,byikhtfo
ikteshaf,to find out/discover,biktshef,mniktshef,btiktshef,btiktshfe,btiktshfo,byiktshef,btiktshef,byiktshfo
iltea7a2,to join,bilta7e2,mnilta7e2,btilta7e2,btilta7e2,btilta7e2o,byilta7e2,btilta7e2,byilta7e2o
in3araf,to be known,bin3iref,mnin3iref,btin3iref,btin3irfe,btin3irfo,byin3iref,btin3iref,byin3irfo
indala3,to break out,bindili3,mnindili3,btindili3,btindil3e,btindil3o,byindili3,btindili3,byindil3o
inhar,to collapse,binher,mninher,btinher,btinhare,btinharo,byinher,btinher,byinharo
irta7,to rest/be at ease,birte7,mnirte7,btirte7,btirte7e,btirte7o,byirte7,btirte7,byirte7o
irtabat,to be linked,birtbet,mnirtbet,btirtbet,btirtbte,btirtbto,byirtbet,btirtbet,byirtbto
ishtara,to buy,beshtre,mneshtre,bteshtre,bteshtre,bteshtro,byeshtre,bteshtre,byeshtro
istalam,to take over/be in charge,bestilem,mnestilem,btestilem,btestilme,btestilmo,byestilem,btestilem,byestilmo
isti3mel,to use,besta3mel,mnesta3mel,btesta3mel,btesta3mle,btesta3mlo,byesta3mel,btesta3mel,byesta3mlo
jammal,to make beautiful,bjammel,mnjammel,btjammel,btjammle,btjammlo,byjammel,btjammel,byjammlo
jana,to harvest/collect,bejne,mnejne,btejne,btejne,btejno,byejne,btejne,byejno
jann,to go crazy,bjenn,mnjenn,btjenn,btjenne,btjenno,byjenn,btjenn,byjenno
jara7,to wound,bejra7,mnejra7,btejra7,btejra7e,btejra7o,byejra7,btejra7,byejra7o
jaweb,to answer,bjeweb,mnjeweb,btjeweb,btjewbe,btjewbo,byjeweb,btjeweb,byjewbo
jeb,to bring,bjib,mnjib,btjib,btjibe,btjibo,byjib,btjib,byjibo
jeweb,to answer,bjeweb,mnjeweb,btjeweb,btjewbe,btjewbo,byjeweb,btjeweb,byjewbo
jeza,to punish/reward,bejze,mnejze,btejze,btejze,btejzo,byejze,btejze,byejzo
kabas,to press,bekbos,mnekbos,btekbos,btekbse,btekbso,byekbos,btekbos,byekbso
kabb,to throw,bkebb,mnkebb,btkebb,btkebbe,btkebbo,bykebb,btkebb,bykebbo
kabbar,to make grow/raise,bkabber,mnkabber,btkabber,btkabbre,btkabbro,bykabber,btkabber,bykabbro
kal,to eat,bekol,mnekol,btekol,btekle,bteklo,byekol,btekol,byeklo
kammal,to continue / complete,bkammel,mnkammel,btkammel,btkammle,btkammlo,bykammel,btkammel,bykammlo
kan,to be (was),bkoun,mnkoun,btkoun,btkoune,btkouno,bykoun,btkoun,bykouno
kasar,to break,beksor,mneksor,bteksor,bteksre,bteksro,byeksor,bteksor,byeksro
keber,to grow/get big,bekbar,mnekbar,btekbar,btekbare,btekbaro,byekbar,btekbar,byekbaro
kemel,to complete/finish,bekmol,mnekmol,btekmol,btekmle,btekmlo,byekmol,btekmol,byekmlo
kezeb,to lie,bekzob,mnekzob,btekzob,btekzbe,btekzbo,byekzob,btekzob,byekzbo
khabbar,to tell/inform,bkhabber,mnkhabber,btkhabber,btkhabbre,btkhabbro,bikhabber,btkhabber,bikhabbro
khaf,to fear,bkhaf,mnkhaf,btkhaf,btkhafe,btkhafo,bikhaf,btkhaf,bikhafo
khaffa,to hide,bkhabbe,mnkhabbe,btkhabbe,btkhabbe,btkhabbo,bikhabbe,btkhabbe,bikhabbo
kharaj,to come out / exit,bekhroj,mnekhroj,btekhroj,btekhroje,btekhrojo,byekhroj,btekhroj,byekhrojo
khawwaf,to scare,bkhawwef,mnkhawwef,btkhawwef,btkhawwfe,btkhawwfo,bykhawwef,btkhawwef,bykhawwfo
khede,to take,bekhod,mnekhod,btekhod,btekhde,btekhdo,byekhod,btekhod,byekhdo
khele2,to be born/create,bekhlo2,mnekhlo2,btekhlo2,btekhel2e,btekhel2o,byekhlo2,btekhlo2,byekhel2o
khelos,to finish/end,bekhlos,mnekhlos,btekhlos,btekhlse,btekhlso,byekhlos,btekhlos,byekhlso
kheser,to lose,bekhsar,mnekhsar,btekhsar,btekhsare,btekhsaro,byekhsar,btekhsar,byekhsaro
khtar,to choose,bekhtar,mnekhtar,btekhtar,btekhtare,btekhtaro,byekhtar,btekhtar,byekhtaro
kireh,to hate,bekrah,mnekrah,btekrah,btekrahe,btekraho,byekrah,btekrah,byekraho
kol,to eat,bekol,mnekol,btekol,btekle,bteklo,byekol,btekol,byeklo
ktab,to write,bektob,mnektob,btektob,btektbe,btektbo,byektob,btektob,byektbo
ktashaf,to find out/discover,bektashef,mnektashef,btektashef,btektashfe,btektashfo,byektashef,btektashef,byektashfo
la77a2,to follow/catch up,bla77e2,mnla77e2,btla77e2,btla77a2e,btla77a2o,byla77e2,btla77e2,byla77a2o
lamm,to collect,blemm,mnlemm,btlemm,btlemme,btlemmo,bylemm,btlemm,bylemmo
lbos,to wear,blbos,mnlbos,btlbos,btlbse,btlbso,byelbos,btlbos,byelbso
le2a,to find,bel2e,mnel2e,btel2e,btel2e,btel2o,byel2e,btel2e,byel2o
le7e2,to follow/catch up,ble7a2,mnle7a2,btle7a2,btle7a2e,btle7a2o,byle7a2,btle7a2,byle7a2o
li3eb,to play,bel3ab,mnel3ab,btel3ab,btel3abe,btel3abo,byel3ab,btel3ab,byel3abo
lta2a,to meet,blte2e,mnlte2e,btlte2e,btlte2e,btlte2o,bylte2e,btlte2e,bylte2o
mala,to fill,bemla,mnemla,btemla,btemle,btemlo,byemla,btemla,byemlo
mana3,to prevent,bemna3,mnemna3,btemna3,btemna3e,btemna3o,byemna3,btemna3,byemna3o
naba3,to spring/gush forth,bemba3,mnemba3,btemba3,btemba3e,btemba3o,byemba3,btemba3,byemba3o
naja7,to succeed,benja7,mnenja7,btenja7,btenja7e,btenja7o,byenja7,btenja7,byenja7o
nisi,to forget,bensa,mnensa,btensa,btense,btenso,byensa,btensa,byenso
rabet,to connect/link,berbot,mnerbot,bterbot,bterbte,bterbto,byerbot,bterbot,byerbto
raye7,to go,brou7,mnrou7,btrou7,btrou7e,btrou7o,byrou7,btrou7,byrou7o
sa7eb,to pull/drag/withdraw,besteb,mnes7ab,btes7ab,btes7abe,btes7abo,byes7ab,btes7ab,byes7abo
sahar,to stay up late,beshar,mneshar,bteshar,bteshare,btesharo,byeshar,bteshar,byesharo
se2al,to ask,bes2al,mnes2al,btes2al,btes2ale,btes2alo,byes2al,btes2al,byes2alo
se3ad,to help,bse3ed,mnse3ed,btse3ed,btse3de,btse3do,byse3ed,btse3ed,byse3do
seer,to happen/become,bseer,mnseer,btseer,btseere,btseero,byseer,btseer,byseero
sefar,to travel,bsefer,mnsefer,btsefer,btsefre,btsefro,bysefer,btsefer,bysefro
seker,to get drunk,beskar,mneskar,bteskar,bteskare,bteskaro,byeskar,bteskar,byeskaro
seme3,to hear/listen,besma3,mnesma3,btesma3,btesma3e,btesma3o,byesma3,btesma3,byesma3o
seme7,to forgive,besma7,mnesma7,btesma7,btesma7e,btesma7o,byesma7,btesma7,byesma7o
shabah,to resemble,bshabeh,mnshabeh,btshabeh,btshabhe,btshabho,byshabeh,btshabeh,byshabho
shaf,to see,bshuf,mnshuf,btshuf,btshufe,btshufo,byshuf,btshuf,byshufo
shammem,to smell,bshammem,mnshammem,btshammem,btshamme,btshammo,byshammem,btshammem,byshammo
shate,to rain,bshatte,mnshatte,btshatte,btshatte,btshatto,byshatte,btshatte,byshatto
shayyak,to check up,bshayyek,mnshayyek,btshayyek,btshayyke,btshayyko,byshayyek,btshayyek,byshayyko
shbe3,to be full,beshba3,mneshba3,bteshba3,bteshb3e,bteshb3o,byeshba3,bteshba3,byeshb3o
sheb,to age,bshib,mnshib,btshib,btshibe,btshibo,byshib,btshib,byshibo
shebeh,to resemble,beshbah,mneshbah,bteshbah,bteshbahe,bteshbaho,byeshbah,bteshbah,byeshbaho
sheer,to indicate/point,bshir,mnshir,btshir,btshire,btshiro,byshir,btshir,byshiro
shehed,to witness,beshhad,mneshhad,bteshhad,bteshhade,bteshhado,byeshhad,bteshhad,byeshhado
sherek,to participate,beshrak,mneshrak,bteshrak,bteshrake,bteshrako,byeshrak,bteshrak,byeshrako
sherib,to drink,beshrab,mneshrab,bteshrab,bteshrabe,bteshrabo,byeshrab,bteshrab,byeshrabo
shtaghal,to work,bashteghel,mneshteghel,bteshteghel,bteshteghle,bteshteghlo,byeshteghel,bteshteghel,byeshteghlo
sta3mal,to use,besta3mel,mnesta3mel,btesta3mel,btesta3mle,btesta3mlo,byesta3mel,btesta3mel,byesta3mlo
sta7a,to be ashamed,besta7e,mnesta7e,btesta7e,btesta7e,btesta7o,byesta7e,btesta7e,byesta7o
staf2ad,to check on someone,bestaf2ed,mnestaf2ed,btestaf2ed,btestaf2de,btestaf2do,byestaf2ed,btestaf2ed,byestaf2do
stasmar,to invest,bestasmer,mnestasmer,btestasmer,btestasmre,btestasmro,byestasmer,btestasmer,byestasmro
t2addam,to propose/advance,bet2addam,mnet2addam,btet2addam,btet2addame,btet2addamo,byet2addam,btet2addam,byet2addamo
t2akhar,to be late,bet2akhar,mnet2akhar,btet2akhar,btet2akhare,btet2akharo,byet2akhar,btet2akhar,byet2akharo
t2assar,to be influenced,bet2assar,mnet2assar,btet2assar,btet2assare,btet2assaro,byet2assar,btet2assar,byet2assaro
t2assas,to be established/founded,bet2assas,mnet2assas,btet2assas,btet2assase,btet2assaso,byet2assas,btet2assas,byet2assaso
t3amal,to be treated/deal with,bet3amal,mnet3amal,btet3amal,btet3amale,btet3amalo,byet3amal,btet3amal,byet3amalo
t3arrad,to be subjected to,bet3arrad,mnet3arrad,btet3arrad,btet3arrade,btet3arrado,byet3arrad,btet3arrad,byet3arrado
t3ashsha,to have dinner,bet3ashsha,mnet3ashsha,btet3ashsha,btet3ashshe,btet3ashsho,byet3ashsha,btet3ashsha,byet3ashsho
t7ammam,to take a shower,bet7ammam,mnet7ammam,btet7ammam,btet7ammame,btet7ammamo,byet7ammam,btet7ammam,byet7ammamo
t7assan,to improve,bet7assan,mnet7assan,btet7assan,btet7assane,btet7assano,byet7assan,btet7assan,byet7assano
t7awwal,to transform/turn into,bet7awwal,mnet7awwal,btet7awwal,btet7awwale,btet7awwalo,byet7awwal,btet7awwal,byet7awwalo
ta3a,come,bije,mnije,btije,btije,btijo,byije,btije,byijo
tabb,to turn over,btebb,mntebb,bttebb,bttebbe,bttebbo,byttebb,bttebb,byttebbo
taffa,to turn off,btaffe,mntaffe,bttaffe,bttaffe,bttaffo,bytaffe,bttaffe,bytaffo
takhdir,to numb/anaesthetize,bkhaddir,mnkhaddir,btkhaddir,btkhaddre,btkhaddro,bykhaddir,btkhaddir,bykhaddro
tal,to be long,btool,mntool,bttool,bttoole,bttoolo,bytool,bttool,bytoolo
tamm,to complete/finish,btimm,mntimm,bttimm,bttimme,bttimmo,bytimm,bttimm,bytimmo
tarak,to leave,btrok,mntrok,btitrok,btitirke,btitirko,byitrok,btitrok,byitirko
tawalla,to take over,btwalla,mntwalla,btitwalla,btitwalle,btitwallo,byitwalla,btitwalla,byitwallo
tayyar,to make fly,btayyer,mntayyer,bttayyer,bttayyre,bttayyro,bytayyer,bttayyer,bytayyro
taza33am,to lead/head,btaza33am,mntaza33am,bttaza33am,bttaza33ame,bttaza33amo,bytaza33am,bttaza33am,bytaza33amo
te7ke,to speak,be7ke,mne7ke,bte7ke,bte7ke,bte7ko,bye7ke,bte7ke,bye7ko
ten2ama3,to be suppressed,ben2ame3,mnen2ame3,bten2ame3,bten2am3e,bten2am3o,byen2ame3,bten2ame3,byen2am3o
terja3,to come back,berja3,mnerja3,bterja3,bterj3e,bterj3o,byerja3,bterja3,byerj3o
tesru2,to steal,besro2,mnesro2,btesro2,btesr2e,btesr2o,byesro2,btesro2,byesr2o
tfawid,to negotiate,btfawed,mntfawed,bttfawed,bttfawde,bttfawdo,bytfawed,bttfawed,bytfawdo
tghadda,to have lunch,btghadda,mntghadda,bttghadda,bttghadde,bttghaddo,bytghadda,bttghadda,bytghaddo
tikhsar,to lose,bekhsar,mnekhsar,btekhsar,btekhsare,btekhsaro,byekhsar,btekhsar,byekhsaro
tili3,to go out,btla3,mntla3,btitla3,btitla3e,btitla3o,byitla3,btitla3,byitla3o
tjannen,to drive crazy,bjannen,mnjannen,btjannen,btjanmne,btjanneno,byjannen,btjannen,byjanneno
tkhabba,to hide,btkhabba,mntkhabba,btitkhabba,btitkhabbe,btitkhabbo,byitkhabba,btitkhabba,byitkhabbo
tkhalles,to finish,bkhalles,mnkhalles,btkhalles,btkhallse,btkhallso,bykhalles,btkhalles,bykhallso
tkhayyal,to imagine,btkhayyal,mntkhayyal,btitkhayyal,btitkhayyale,btitkhayyalo,byitkhayyal,btitkhayyal,byitkhayyalo
tle3,to come out/turn out,btla3,mntla3,btitla3,btitla3e,btitla3o,byitla3,btitla3,byitla3o
tmarran,to practice,btmarran,mntmarran,btitmarran,btitmarrane,btitmarrano,byitmarran,btitmarran,byitmarrano
tnaffas,to breathe,btnaffas,mntnaffas,btitnaffas,btitnaffase,btitnaffaso,byitnaffas,btitnaffas,byitnaffaso
trawwa2,to have breakfast,btrawwa2,mntrawwa2,btitrawwa2,btitrawwa2e,btitrawwa2o,byitrawwa2,btitrawwa2,byitrawwa2o
tru7,to go,brou7,mnrou7,btrou7,btrou7e,btrou7o,byrou7,btrou7,byrou7o
tsakkar,to close,bsakker,mnsakker,btsakker,btsakkre,btsakkro,bysakker,btsakker,bysakkro
tsayyad,to hunt/fish,bsayyed,mnsayyed,btsayyed,btsayyde,btsayydo,bysayyed,btsayyed,bysayydo
tsewe,to be worth/equal,bsewe,mnsewe,btsewe,btsewe,btsewo,bysewe,btsewe,bysewo
ttalla3,to look,bettalla3,mnettalla3,btettalla3,btettall3e,btettall3o,byettalla3,btettalla3,byettall3o
tzakkar,to remember,btzakkar,mntzakkar,btetzakkar,btetzakkare,btetzakkaro,byetzakkar,btetzakkar,byetzakkaro
wa3a,to wake someone up,bwa33e,mnwa33e,btwa33e,btwa33e,btwa33o,bywa33e,btwa33e,bywa33o
wadda,to send,bwadde,mnwadde,btwadde,btwadde,btwaddo,bywadde,btwadde,bywaddo
warda3,to deter,bwarde3,mnwarde3,btwarde3,btward3e,btward3o,bywarde3,btwarde3,byward3o
wassal,to deliver,bwassel,mnwassel,btwassel,btwassle,btwasslo,bywassel,btwassel,bywasslo
wazzaf,to hire,bwazzef,mnwazzef,btwazzef,btwazzfe,btwazzfo,bywazzef,btwazzef,bywazzfo
we2e3,to fall,bo2a3,mno2a3,bto2a3,bto2a3e,bto2a3o,byo2a3,bto2a3,byo2a3o
we2ef,to stop/stand up,bo2af,mno2af,bto2af,bto2afe,bto2afo,byo2af,bto2af,byo2afo
we3e,to wake up,bow3a,mnow3a,btow3a,btow3e,btow3o,byow3a,btow3a,byow3o
wsel,to arrive,bowsal,mnowsal,btowsal,btowsale,btowsalo,byowsal,btowsal,byowsalo
y2addem,to offer/present,b2addem,mn2addem,bt2addem,bt2addme,bt2addmo,by2addem,bt2addem,by2addmo
y2ade,to spend (time),b2adde,mn2adde,bt2adde,bt2adde,bt2addo,by2adde,bt2adde,by2addo
y2arrer,to decide,b2arrer,mn2arrer,bt2arrer,bt2arrre,bt2arrro,by2arrer,bt2arrer,by2arrro
y2asses,to establish/found,b2asses,mn2asses,bt2asses,bt2assse,bt2assso,by2asses,bt2asses,by2assso
y2ate3,to cut,b2ate3,mn2ate3,bt2ate3,bt2at3e,bt2at3o,by2ate3,bt2ate3,by2at3o
y2awwes,to shoot,b2awwes,mn2awwes,bt2awwes,bt2awwse,bt2awwso,by2awwes,bt2awwes,by2awwso
y2ool,to say,b2ool,mn2ool,bt2ool,bt2oole,bt2oolo,by2ool,bt2ool,by2oolo
y2oul,to say,b2oul,mn2oul,bt2oul,bt2oule,bt2oulo,by2oul,bt2oul,by2oulo
y3a2eb,to punish,b3a2eb,mn3a2eb,bt3a2eb,bt3a2be,bt3a2bo,by3a2eb,bt3a2eb,by3a2bo
y3add,to bite,b3add,mn3add,bt3add,bt3adde,bt3addo,by3add,bt3add,by3addo
y3allem,to teach,b3allem,mn3allem,bt3allem,bt3allme,bt3allmo,by3allem,bt3allem,by3allmo
y3ane,to mean,b3ane,mn3ane,bt3ane,bt3ane,bt3ano,by3ane,bt3ane,by3ano
y3eesh,to live,b3eesh,mn3eesh,bt3eesh,bt3eeshe,bt3eesho,by3eesh,bt3eesh,by3eesho
y3ish,to live,b3ish,mn3ish,bt3ish,bt3ishe,bt3isho,by3ish,bt3ish,by3isho
y7adder,to prepare,b7adder,mn7adder,bt7adder,bt7addre,bt7addro,by7adder,bt7adder,by7addro
y7ae2,to achieve/realize,b7a2e2,mn7a2e2,bt7a2e2,bt7a2e2e,bt7a2e2o,by7a2e2,bt7a2e2,by7a2e2o
y7afez,to keep safe,b7afez,mn7afez,bt7afez,bt7afze,bt7afzo,by7afez,bt7afez,by7afzo
y7ann,to feel sympathy,b7inn,mn7inn,bt7inn,bt7inne,bt7inno,by7inn,bt7inn,by7inno
y7awwel,to convert/transform,b7awwel,mn7awwel,bt7awwel,bt7awwle,bt7awwlo,by7awwel,bt7awwel,by7awwlo
y7ebb,to love/like,b7ebb,mn7ebb,bt7ebb,bt7ebbe,bt7ebbo,by7ebb,bt7ebb,by7ebbo
y7ell,to solve,b7ell,mn7ell,bt7ell,bt7elle,bt7ello,by7ell,bt7ell,by7ello
y7ess,to feel,b7ess,mn7ess,bt7ess,bt7esse,bt7esso,by7ess,bt7ess,by7esso
y7iff,to scrub,b7iff,mn7iff,bt7iff,bt7iffe,bt7iffo,by7iff,bt7iff,by7iffo
y7ott,to put,b7ott,mn7ott,bt7ott,bt7otte,bt7otto,by7ott,bt7ott,by7otto
ya2ne3,to convince,b2ne3,mn2ne3,bt2ne3,bt2ne3e,bt2ne3o,by2ne3,bt2ne3,by2ne3o
ya3job,to like/please,be3job,mne3job,bte3job,bte3jbe,bte3jbo,bye3job,bte3job,bye3jbo
ya3mel,to do,be3mel,mne3mel,bte3mel,bte3mle,bte3mlo,bye3mel,bte3mel,bye3mlo
ya3mol,to do/make,be3mol,mne3mol,bte3mol,bte3mle,bte3mlo,bye3mol,bte3mol,bye3mlo
ya3ref,to know,be3ref,mne3ref,bte3ref,bte3rfe,bte3rfo,bye3ref,bte3ref,bye3rfo
ya3roj,to limp,be3roj,mne3roj,bte3roj,bte3rje,bte3rjo,bye3roj,bte3roj,bye3rjo
ya3te,to give,be3te,mne3te,bte3te,bte3te,bte3to,bye3te,bte3te,bye3to
yballesh,to begin,ballesh,mnballesh,btballesh,btballeshe,btballesho,byballesh,btballesh,byballesho
yboos,to kiss,bboos,mnboos,btboos,btboose,btbooso,byboos,btboos,bybooso
ydabbel,to wink,bdabbel,mndabbel,btdabbel,btdabble,btdabblo,bydabbel,btdabbel,bydabblo
ydabber,to manage,bdabber,mndabber,btdabber,btdabbre,btdabbro,bydabber,btdabber,bydabbro
ydall,to remain,bdall,mndall,btdall,btdalle,btdallo,bydall,btdall,bydallo
ydawwer,to search,bdawwer,mndawwer,btdawwer,btdawwre,btdawwro,bydawwer,btdawwer,bydawwro
ydayye3,to lose,bdayye3,mndayye3,btdayye3,btdayy3e,btdayy3o,bydayye3,btdayye3,bydayy3o
ye2di,to fulfill,be2di,mne2di,bte2di,bte2de,bte2do,bye2di,bte2di,bye2do
ye2le,to fry,be2le,mne2le,bte2le,bte2le,bte2lo,bye2le,bte2le,bye2lo
ye2ra,to read,be2ra,mne2ra,bte2ra,bte2re,bte2ro,bye2ra,bte2ra,bye2ro
ye2tol,to kill,be2tol,mne2tol,bte2tol,bte2tle,bte2tlo,bye2tol,bte2tol,bye2tlo
ye2ze,to hurt,be2ze,mne2ze,bte2ze,bte2ze,bte2zo,bye2ze,bte2ze,bye2zo
ye3zum,to invite,be3zom,mne3zom,bte3zom,bte3zme,bte3zmo,bye3zom,bte3zom,bye3zmo
ye7dar,to watch,be7dar,mne7dar,bte7dar,bte7dare,bte7daro,bye7dar,bte7dar,bye7daro
ye7for,to dig,be7for,mne7for,bte7for,bte7fre,bte7fro,bye7for,bte7for,bye7fro
ye7ke,to speak,be7ke,mne7ke,bte7ke,bte7ke,bte7ko,bye7ke,bte7ke,bye7ko
ye7mol,to carry,be7mol,mne7mol,bte7mol,bte7mle,bte7mlo,bye7mol,bte7mol,bye7mlo
ye7tefel,to celebrate,be7tefel,mne7tefel,bte7tefel,bte7tefle,bte7teflo,bye7tefel,bte7tefel,bye7teflo
yeb2a,to stay,beb2a,mneb2a,bteb2a,bteb2e,bteb2o,byeb2a,bteb2a,byeb2o
yeb2od,to sit,beb2od,mneb2od,bteb2od,bteb2de,bteb2do,byeb2od,bteb2od,byeb2do
yeb3at,to send,beb3at,mneb3at,bteb3at,bteb3ate,bteb3ato,byeb3at,bteb3at,byeb3ato
yeb3ed,to stay away,beb3ed,mneb3ed,bteb3ed,bteb3de,bteb3do,byeb3ed,bteb3ed,byeb3do
yed7ak,to laugh,bed7ak,mned7ak,bted7ak,bted7ake,bted7ako,byed7ak,bted7ak,byed7ako
yedfa3,to pay,bedfa3,mnedfa3,btedfa3,btedfa3e,btedfa3o,byedfa3,btedfa3,byedfa3o
yedfosh,to push,bedfosh,mnedfosh,btedfosh,btedfoshe,btedfosho,byedfosh,btedfosh,byedfosho
yedhar,to hang out,bedhar,mnedhar,btedhar,btedhare,btedharo,byedhar,btedhar,byedharo
yedros,to study,bedros,mnedros,btedros,btedrose,btedroso,byedros,btedros,byedroso
yef7as,to examine,bef7as,mnef7as,btef7as,btef7ase,btef7aso,byef7as,btef7as,byef7aso
yefham,to understand,befham,mnefham,btefham,btefhame,btefhamo,byefham,btefham,byefhamo
yefra7,to be happy,befra7,mnefra7,btefra7,btefra7e,btefra7o,byefra7,btefra7,byefra7o
yefrum,to chop,befrum,mnefrum,btefrum,btefrume,btefrumo,byefrum,btefrum,byefrumo
yefsol,to separate,befsol,mnefsol,btefsol,btefsole,btefsolo,byefsol,btefsol,byefsolo
yefta7,to open,befta7,mnefta7,btefta7,btefta7e,btefta7o,byefta7,btefta7,byefta7o
yeftikhir,to be proud,beftikhir,mneftikhir,bteftikhir,bteftikhre,bteftikhro,byeftikhir,bteftikhir,byeftikhro
yeghmor,to hug,beghmor,mneghmor,bteghmor,bteghmore,bteghmoro,byeghmor,bteghmor,byeghmoro
yeghra2,to drown,beghra2,mneghra2,bteghra2,bteghra2e,bteghra2o,byeghra2,bteghra2,byeghra2o
yehjom,to attack,behjom,mnehjom,btehjom,btehjome,btehjomo,byehjom,btehjom,byehjomo
yehrob,to escape,behrob,mnehrob,btehrob,btehrobe,btehrobo,byehrob,btehrob,byehrobo
yehtamm,to take care,behtamm,mnehtamm,btehtamm,btehtamme,btehtammo,byehtamm,btehtamm,byehtammo
yejbor,to force,bejbor,mnejbor,btejbor,btejbore,btejboro,byejbor,btejbor,byejboro
yeje,to come,beje,mneje,bteje,bteje,btejo,byeje,bteje,byejo
yejma3,to collect,bejma3,mnejma3,btejma3,btejma3e,btejma3o,byejma3,btejma3,byejma3o
yekbar,to grow up,bekbar,mnekbar,btekbar,btekbare,btekbaro,byekbar,btekbar,byekbaro
yekhdem,to serve/do a favor,bekhdem,mnekhdem,btekhdem,btekhdme,btekhdmo,byekhdem,btekhdem,byekhdmo
yekhla2,to be born,bekhla2,mnekhla2,btekhla2,btekhla2e,btekhla2o,byekhla2,btekhla2,byekhla2o
yekhlas,to finish/run out,bekhlas,mnekhlas,btekhlas,btekhlase,btekhlaso,byekhlas,btekhlas,byekhlaso
yekhod,to take,bekhod,mnekhod,btekhod,btekhde,btekhdo,byekhod,btekhod,byekhdo
yekhtar,to choose,bekhtar,mnekhtar,btekhtar,btekhtare,btekhtaro,byekhtar,btekhtar,byekhtaro
yekhtof,to kidnap,bekhtof,mnekhtof,btekhtof,btekhtfe,btekhtfo,byekhtof,btekhtof,byekhtfo
yekmal,to complete,bekmal,mnekmal,btekmal,btekmale,btekmalo,byekmal,btekmal,byekmalo
yekol,to eat,bekol,mnekol,btekol,btekle,byeklo,byekol,btekol,byeklo
yektob,to write,bektob,mnektob,btektob,btektbe,btektbo,byektob,btektob,byektbo
yel2a,to find,bel2a,mnel2a,btel2a,btel2e,btel2o,byel2a,btel2a,byel2o
yel3ab,to play,bel3ab,mnel3ab,btel3ab,btel3abe,btel3abo,byel3ab,btel3ab,byel3abo
yelbes,to wear,belbes,mnelbes,btelbes,btelbse,btelbso,byelbes,btelbes,byelbso
yelma3,to shine,belma3,mnelma3,btelma3,btelma3e,btelma3o,byelma3,btelma3,byelma3o
yelte2e,to meet,belte2e,mnelte2e,btelte2e,btelte2e,btelte2o,byelte2e,btelte2e,byelte2o
yemsek,to hold,bemsek,mnemsek,btemsek,btemske,btemsko,byemsek,btemsek,byemsko
yemshe,to walk,bemshe,mnemshe,btemshe,btemshe,btemsho,byemshe,btemshe,byemsho
yen2ared,to be extinct,ben2ared,mnen2ared,bten2ared,bten2arde,bten2ardo,byen2ared,bten2ared,byen2ardo
yen2ebel,to be accepted,ben2ebel,mnen2ebel,bten2ebel,bten2eble,bten2eblo,byen2ebel,bten2ebel,byen2eblo
yen2el,to move/transfer,ben2el,mnen2el,bten2el,bten2le,bten2lo,byen2el,bten2el,byen2lo
yen3amel,to be made/done,ben3amel,mnen3amel,bten3amel,bten3amle,bten3amlo,byen3amel,bten3amel,byen3amlo
yenbaset,to enjoy/be happy,benbaset,mnenbaset,btenbaset,btenbaste,btenbasto,byenbaset,btenbaset,byenbasto
yenbosh,to search/dig,benbosh,mnenbosh,btenbosh,btenboshe,btenbosho,byenbosh,btenbosh,byenbosho
yenfo2,to soak,benfo2,mnenfo2,btenfo2,btenfo2e,btenfo2o,byenfo2,btenfo2,byenfo2o
yenhar,to collapse,benhar,mnenhar,btenhar,btenhare,btenharo,byenhar,btenhar,byenharo
yenja7,to succeed,benja7,mnenja7,btenja7,btenja7e,btenja7o,byenja7,btenja7,byenja7o
yenkeser,to break,benkeser,mnenkeser,btenkeser,btenkesre,btenkesro,byenkeser,btenkeser,byenkesro
yensa,to forget,bensa,mnensa,btensa,btense,btenso,byensa,btensa,byenso
yensa7,to advise,bensa7,mnensa7,btensa7,btensa7e,btensa7o,byensa7,btensa7,byensa7o
yensadem,to be shocked,bensadem,mnensadem,btensadem,btensadme,btensadmo,byensadem,btensadem,byensadmo
yensha2,to emerge/arise,bensha2,mnensha2,btensha2,btensha2e,btensha2o,byensha2,btensha2,byensha2o
yenshor,to publish,benshor,mnenshor,btenshor,btenshore,btenshoro,byenshor,btenshor,byenshoro
yenta2em,to take revenge,benta2em,mnenta2em,btenta2em,btenta2me,btenta2mo,byenta2em,btenta2em,byenta2mo
yenter,to wait,benter,mnenter,btenter,btentre,btentro,byenter,btenter,byentro
yentor,to wait,bentor,mnentor,btentor,btentore,btentoro,byentor,btentor,byentoro
yenza3aj,to feel annoyed,benza3aj,mnenza3aj,btenza3aj,btenza3je,btenza3jo,byenza3aj,btenza3aj,byenza3jo
yenzel,to go down / drop,benzel,mnenzel,btenzel,btenzle,btenzlo,byenzel,btenzel,byenzlo
yer2os,to dance,ber2os,mner2os,bter2os,bter2ose,bter2oso,byer2os,bter2os,byer2oso
yerba,to be raised / grow up,berba,mnerba,bterba,bterbe,bterbo,byerba,bterba,byerbo
yerba7,to win,berba7,mnerba7,bterba7,bterb7e,bterb7o,byerba7,bterba7,byerb7o
yerbut,to tie,berbot,mnerbot,bterbot,bterbte,bterbto,byerbot,bterbot,byerbto
yerfod,to reject,berfod,mnerfod,bterfod,bterfde,bterfdo,byerfod,bterfod,byerfdo
yerja3,to return,berja3,mnerja3,bterja3,bterj3e,bterj3o,byerja3,bterja3,byerj3o
yerkab,to ride,berkab,mnerkab,bterkab,bterkbe,bterkbo,byerkab,bterkab,byerkbo
yerkod,to run,berkod,mnerkod,bterkod,bterkde,bterkdo,byerkod,bterkod,byerkdo
yermi,to throw,bermi,mnermi,btermi,bterme,btermo,byermi,btermi,byermo
yersom,to draw,bersom,mnersom,btersom,btersme,btersmo,byersom,btersom,byersmo
yerte7,to rest,berte7,mnerte7,bterte7,btert7e,btert7o,byerte7,bterte7,byert7o
yes2al,to ask,bes2al,mnes2al,btes2al,btes2ale,btes2alo,byes2al,btes2al,byes2alo
yes3a,to seek / strive,bes3a,mnes3a,btes3a,btes3e,btes3o,byes3a,btes3a,byes3o
yesba7,to swim,besba7,mnesba7,btesba7,btesb7e,btesb7o,byesba7,btesba7,byesb7o
yesbor,to be patient,besbor,mnesbor,btesbor,btesbre,btesbro,byesbor,btesbor,byesbro
yesewe,to be worth/to fit,beswa,mneswa,bteswa,bteswe,bteswo,byeswa,bteswa,byeswo
yeshrab,to drink,beshrab,mneshrab,bteshrab,bteshrabe,bteshrabo,byeshrab,bteshrab,byeshrabo
yeshta2,to miss,beshta2,mneshta2,bteshta2,bteshta2e,bteshta2o,byeshta2,bteshta2,byeshta2o
yeshteghel,to work,beshteghel,mneshteghel,bteshteghel,bteshteghle,bteshteghlo,byeshteghel,bteshteghel,byeshteghlo
yeshtere,to buy,beshtere,mneshtere,bteshtere,bteshtre,bteshtro,byeshtere,bteshtere,byeshtro
yeshwe,to grill,beshwe,mneshwe,bteshwe,bteshwe,bteshwo,byeshwe,bteshwe,byeshwo
yesjon,to imprison,besjon,mnesjon,btesjon,btesjne,btesjno,byesjon,btesjon,byesjno
yesken,to live/reside,besken,mnesken,btesken,bteskne,bteskno,byesken,btesken,byeskno
yeskon,to live,beskon,mneskon,bteskon,bteskne,bteskno,byeskon,bteskon,byeskno
yesle2,to boil,beslo2,mneslo2,bteslo2,btesl2e,btesl2o,byeslo2,bteslo2,byesl2o
yesma3,to hear / listen,besma3,mnesma3,btesma3,btesm3e,btesm3o,byesma3,btesma3,byesm3o
yesma7,"to allow, permit",besma7,mnesma7,btesma7,btesm7e,btesm7o,byesma7,btesma7,byesm7o
yesqot,to fall / die,bes2ot,mnes2ot,btes2ot,btes2te,btes2to,byes2ot,btes2ot,byes2to
yesro2,to steal,besro2,mnesro2,btesro2,btesr2e,btesr2o,byesro2,btesro2,byesr2o
yesrof,to spend money,besrof,mnesrof,btesrof,btesrfe,btesrfo,byesrof,btesrof,byesrfo
yesta3mel,to use,besta3mel,mnesta3mel,btesta3mel,btesta3mle,btesta3mlo,byesta3mel,btesta3mel,byesta3mlo
yestafid,to benefit,bestafid,mnestafid,btestafid,btestafide,btestafido,byestafid,btestafid,byestafido
yet2akhkhar,to be late,bet2akhkhar,mnet2akhkhar,btet2akhkhar,btet2akhkhare,btet2akhkharo,byet2akhkhar,btet2akhkhar,byet2akhkharo
yet2akkad,to be sure,bet2akkad,mnet2akkad,btet2akkad,btet2akkade,btet2akkado,byet2akkad,btet2akkad,byet2akkado
yet2atal,to fight each other,bet2atal,mnet2atal,btet2atal,btet2atale,btet2atalo,byet2atal,btet2atal,byet2atalo
yet3a2ab,to be punished,bet3a2ab,mnet3a2ab,btet3a2ab,btet3a2abe,btet3a2abo,byet3a2ab,btet3a2ab,byet3a2abo
yet3ab,to be tired,bet3ab,mnet3ab,btet3ab,btet3abe,btet3abo,byet3ab,btet3ab,byet3abo
yet3allam,to learn,bet3allam,mnet3allam,btet3allam,btet3allame,btet3allamo,byet3allam,btet3allam,byet3allamo
yet3amal,to deal / handle,bet3amal,mnet3amal,btet3amal,btet3amale,btet3amalo,byet3amal,btet3amal,byet3amalo
yet3asha,to have dinner,bet3asha,mnet3asha,btet3asha,btet3ashe,btet3asho,byet3asha,btet3asha,byet3asho
yet3em,to feed,bet3em,mnet3em,btet3em,btet3eme,btet3emo,byet3em,btet3em,byet3emo
yet7akkam,to control,bet7akkam,mnet7akkam,btet7akkam,btet7akkame,btet7akkamo,byet7akkam,btet7akkam,byet7akkamo
yet7ammam,to shower,bet7ammam,mnet7ammam,btet7ammam,btet7ammame,btet7ammamo,byet7ammam,btet7ammam,byet7ammamo
yet7ammas,to be excited,bet7ammas,mnet7ammas,btet7ammas,btet7ammase,btet7ammaso,byet7ammas,btet7ammas,byet7ammaso
yet7arrak,to move,bet7arrak,mnet7arrak,btet7arrak,btet7arrake,btet7arrako,byet7arrak,btet7arrak,byet7arrako
yet7awwal,to transform,bet7awwal,mnet7awwal,btet7awwal,btet7awwale,btet7awwalo,byet7awwal,btet7awwal,byet7awwalo
yetalfen,to call (phone),btalfen,mntalfen,bttalfen,bttalfne,bttalfno,bytalfen,bttalfen,bytalfno
yetalla3,to look,bettalla3,mnettalla3,bttetalla3,bttetalla3e,bttetalla3o,byttalla3,bttetalla3,byttalla3o
yetbanna,to adopt,betbanna,mnetbanna,btetbanna,btetbanne,btetbanno,byetbanna,btetbanna,byetbanno
yetbokh,to cook,betbokh,mnetbokh,btetbokh,btetbkhe,btetbkho,byetbokh,btetbokh,byetbkho
yetghayyar,to change,betghayyar,mnetghayyar,btetghayyar,btetghayyare,btetghayyaro,byetghayyar,btetghayyar,byetghayyaro
yetkayyaf,to adapt,betkayyaf,mnetkayyaf,btetkayyaf,btetkayyafe,btetkayyafo,byetkayyaf,btetkayyaf,byetkayyafo
yetkhena2,to fight,betkhena2,mnetkhena2,btetkhena2,btetkhen2e,btetkhen2o,byetkhena2,btetkhena2,byetkhen2o
yetla3,to go out,betla3,mnetla3,btetla3,btetla3e,btetla3o,byetla3,btetla3,byetla3o
yetlob,"to order, request",betlob,mnetlob,btetlob,btetlbe,btetlbo,byetlob,btetlob,byetlbo
yetmanna,to wish,betmanna,mnetmanna,btetmanna,btetmanne,btetmanno,byetmanna,btetmanna,byetmanno
yetrawa2,to have breakfast,betrawa2,mnetrawa2,btetrawa2,btetraw2e,btetraw2o,byetrawa2,btetrawa2,byetraw2o
yetsalla,to have fun,betsalla,mnetsalla,btetsalla,btetsalle,btetsallo,byetsalla,btetsalla,byetsallo
yetsarraf,to behave/act,betsarraf,mnetsarraf,btetsarraf,btetsarrafe,btetsarrafo,byetsarraf,btetsarraf,byetsarrafo
yetzakkar,to remember,betzakkar,mnetzakkar,btetzakkar,btetzakkare,btetzakkaro,byetzakkar,btetzakkar,byetzakkaro
yewla3,to ignite/catch fire,bewla3,mnewla3,btewla3,btewl3e,btewl3o,byewla3,btewla3,byewl3o
yewsal,to arrive,bewsal,mnewsal,btewsal,btewsale,btewsalo,byewsal,btewsal,byewsalo
yez3al,to be sad,bez3al,mnez3al,btez3al,btez3ale,btez3alo,byez3al,btez3al,byez3alo
yezha2,to feel bored,bezha2,mnezha2,btezha2,btezh2e,btezh2o,byezha2,btezha2,byezh2o
yfaddel,to prefer,bfaddel,mnfaddel,btfaddel,btfaddle,btfaddlo,byfaddel,btfaddel,byfaddlo
yfakker,to think,bfakker,mnfakker,btfakker,btfakkre,btfakkro,byfakker,btfakker,byfakkro
yfallet,to leave/escape,bfallet,mnfallet,btfallet,btfallte,btfallto,byfallet,btfallet,byfallto
yfarje,to show,bfarje,mnfarje,btfarje,btfarje,btfarjo,byfarje,btfarje,byfarjo
yfasser,to explain,bfasser,mnfasser,btfasser,btfassre,btfassro,byfasser,btfasser,byfassro
yfattesh,to search,bfattesh,mnfattesh,btfattesh,btfattshe,btfattsho,byfattesh,btfattesh,byfattsho
yfee2,to wake up,bfee2,mnfee2,btfee2,btfee2e,btfee2o,byfee2,btfee2,byfee2o
yfoor,to boil over,bfoor,mnfoor,btfoor,btfoore,btfooro,byfoor,btfoor,byfooro
yghalle,to make expensive,bghalle,mnghalle,btghalle,btghalle,btghallo,byghalle,btghalle,byghallo
yghanne,to sing,bghanne,mnghanne,btghanne,btghanne,btghanno,byghanne,btghanne,byghanno
yghannej,to spoil,bghannej,mnghannej,btghannej,btghannje,btghannjo,byghannej,btghannej,byghannjo
yghassel,to wash,bghassel,mnghassel,btghassel,btghassle,btghasslo,byghassel,btghassel,byghasslo
yghayyer,to change,bghayyer,mnghayyer,btghayyer,btghayyre,btghayyro,byghayyer,btghayyer,byghayyro
yghib,to disappear,bghib,mnghib,btghib,btghibe,btghibo,byghib,btghib,byghibo
yheb,to like / love,bheb,mnheb,btheb,bthebe,bthebo,byheb,btheb,byhebo
yhott,to put,bhott,mnhott,bthott,bthotte,bthotto,byhott,bthott,byhotto
yi2dar,to be able to,bi2dar,mni2dar,bti2dar,bti2dare,bti2daro,byi2dar,bti2dar,byi2daro
yi2emin,to believe,bi2emin,mni2emin,bti2emin,bti2emne,bti2emno,byi2emin,bti2emin,byi2emno
yi2la2,to worry,bi2la2,mni2la2,bti2la2,bti2la2e,bti2la2o,byi2la2,bti2la2,byi2la2o
yi2ra,to read,bi2ra,mni2ra,bti2ra,bti2re,bti2ro,byi2ra,bti2ra,byi2ro
yi3zum,to invite,bi3zum,mni3zum,bti3zum,bti3zme,bti3zmo,byi3zum,bti3zum,byi3zmo
yi7dar,to watch / attend,bi7dar,mni7dar,bti7dar,bti7dare,bti7daro,byi7dar,bti7dar,byi7daro
yi7ke,to talk/speak,bi7ke,mni7ke,bti7ke,bti7ke,bti7ko,byi7ke,bti7ke,byi7ko
yi7lam,to dream,bi7lam,mni7lam,bti7lam,bti7lame,bti7lamo,byi7lam,bti7lam,byi7lamo
yi7tefel,to celebrate,bi7tefel,mni7tefel,bti7tefel,bti7tefle,bti7teflo,byi7tefel,bti7tefel,byi7teflo
yibne,to build,bibne,mnibne,btibne,btibne,btibno,byibne,btibne,byibno
yid3e,to call for / advocate,bid3e,mnid3e,btid3e,btid3e,btid3o,byid3e,btid3e,byid3o
yidkhol,to enter,bidkhol,mnidkhol,btidkhol,btidekhle,btidekhlo,byidkhol,btidkhol,byidekhlo
yikhfe,to hide,bikhfe,mnikhfe,btikhfe,btikhfe,btikhfo,byikhfe,btikhfe,byikhfo
yikhsar,to lose,bikhsar,mnikhsar,btikhsar,btikhsare,btikhsaro,byikhsar,btikhsar,byikhsaro
yil7a2,to chase / follow,bil7a2,mnil7a2,btil7a2,btil7a2e,btil7a2o,byil7a2,btil7a2,byil7a2o
yimor,to pass by,bimor,mnimor,btimor,btimore,btimoro,byimor,btimor,byimoro
yimshi,to walk,bimshe,mnimshe,btimshe,btimshe,btimsho,byimshe,btimshe,byimsho
yinja,to survive,binja,mninja,btinja,btinje,btinjo,byinja,btinja,byinjo
yinmo,to grow up,binmo,mninmo,btinmo,btinme,btinmo,byinmo,btinmo,byinmo
yishba3,to be full/satiated,bishba3,mnishba3,btishba3,btishba3e,btishba3o,byishba3,btishba3,byishba3o
yishteghel,to work,bishteghel,mnishteghel,btishteghel,btishteghle,btishteghlo,byishteghel,btishteghel,byishteghlo
yit3a2id,to believe,bit3a2id,mnit3a2id,btit3a2id,btit3a2de,btit3a2do,byit3a2id,btit3a2id,byit3a2do
yitjannab,to avoid,bitjannab,mnitjannab,btitjannab,btitjannabe,btitjannabo,byitjannab,btitjannab,byitjannabo
yitne2ash,to discuss,bitne2ash,mnitne2ash,btitne2ash,btitne2ashe,btitne2asho,byitne2ash,btitne2ash,byitne2asho
yitwaffa,to fulfill,betwaffa,mnetwaffa,btetwaffa,btetwaffe,btetwaffo,byetwaffa,btetwaffa,byetwaffo
yitzakkar,to remember,betzakkar,mnetzakkar,btetzakkar,btetzakkare,btetzakkaro,byetzakkar,btetzakkar,byetzakkaro
yiwajeh,to face / confront,bwejeh,mnwejeh,btwejeh,btwejhe,btwejho,bywejeh,btwejeh,bywejho
yizra3,to plant,bezra3,mnezra3,btezra3,btezra3e,btezra3o,byezra3,btezra3,byezra3o
yjarreb,to try,bjarreb,mnjarreb,btjarreb,btjarrbe,btjarrbo,byjarreb,btjarreb,byjarrbo
yjedil,to argue,bjedel,mnjedel,btjedel,btjedle,btjedlo,byjedel,btjedel,byjedlo
yjeeb,to bring,bjeeb,mnjeeb,btjeeb,btjeebe,btjeebo,byjeeb,btjeeb,byjeebo
yjeweb,to answer,bjeweb,mnjeweb,btjeweb,btjewbe,btjewbo,byjeweb,btjeweb,byjewbo
yjeze,to reward/punish,bjeze,mnjeze,btjeze,btjeze,btjezo,byjeze,btjeze,byjezo
ykaffe,to suffice,bkaffe,mnkaffe,btkaffe,btkaffe,btkaffo,bykaffe,btkaffe,bykaffo
ykalef,to cost,bkallef,mnkallef,btkallef,btkallfe,btkallfo,bykallef,btkallef,bykallfo
ykhabbe,to hide,bkhabbe,mnkhabbe,btkhabbe,btkhabbe,btkhabbo,bykhabbe,btkhabbe,bykhabbo
ykhaffef,to reduce / lighten,bkhaffef,mnkhaffef,btkhaffef,btkhafffe,btkhafffo,bykhaffef,btkhaffef,bykhafffo
ykhalle,to let,bkhalle,mnkhalle,btkhalle,btkhalle,btkhallo,bykhalle,btkhalle,bykhallo
ykhalles,to finish,bkhalles,mnkhalles,btkhalles,btkhallse,btkhallso,bykhalles,btkhalles,bykhallso
ykhattet,to plan,bkhattet,mnkhattet,btkhattet,btkhattte,btkhattto,bykhattet,btkhattet,bykhattto
ykhayyem,to camp,bkhayyem,mnkhayyem,btkhayyem,btkhaymme,btkhaymmo,bykhayyem,btkhayyem,bykhaymmo
ykhlo2,to create,bekhlo2,mnekhlo2,btekhlo2,btekhl2e,btekhl2o,byekhlo2,btekhlo2,byekhl2o
ykun,to be,bkun,mnkun,btkun,btkune,btkuno,bykun,btkun,bykuno
ylef,to roll,bleff,mnleff,btleff,btleffe,btleffo,byleff,btleff,byleffo
ymarre2,to pass through,bmarre2,mnmarre2,btmarre2,btmarr2e,btmarr2o,bymarre2,btmarre2,bymarr2o
ymarren,to make practice / train,bmarren,mnmarren,btmarren,btmarrne,btmarrno,bymarren,btmarren,bymarrno
ymassel,to represent,bmassel,mnmassel,btmassel,btmassle,btmasslo,bymassel,btmassel,bymasslo
ymayyez,to discriminate,bmayyez,mnmayyez,btmayyez,btmayyze,btmayyzo,bymayyez,btmayyez,bymayyzo
ymidd,to extend,bmidd,mnmidd,btmidd,btmidde,btmiddo,bymidd,btmidd,bymiddo
ymil,to lean/turn away,bmil,mnmil,btmil,btmile,btmilo,bymil,btmil,bymilo
ymout,to die,bmout,mnmout,btmout,btmoute,btmouto,bymout,btmout,bymouto
ymrad,to get sick,bemrad,mnemrad,btemrad,btemrade,btemrado,byemrad,btemrad,byemrado
ymsek,to catch/hold,bemsek,mnemsek,btemsek,btemske,btemsko,byemsek,btemsek,byemsko
ymun,has authority,bmun,mnmun,btmun,btmune,btmuno,bymun,btmun,bymuno
ymut,to die,bmut,mnmut,btmut,btmute,btmuto,bymut,btmut,bymuto
yn2el,to move,ben2el,mnen2el,bten2el,bten2le,bten2lo,byen2el,bten2el,byen2lo
yna22e,to choose,bna22e,mnna22e,btna22e,btna22e,btna22o,byna22e,btna22e,byna22o
ynafes,to compete,bnafes,mnnafes,btnafes,btnafse,btnafso,bynafes,btnafes,bynafso
ynashef,to dry,bnashef,mnnashef,btnashef,btnashfe,btnashfo,bynashef,btnashef,bynashfo
ynazzem,to organize,bnazzem,mnnazzem,btnazzem,btnazzme,btnazzmo,bynazzem,btnazzem,bynazzmo
ynbe,to flourish/boom,benbe,mnenbe,btenbe,btenbe,btenbo,byenbe,btenbe,byenbo
yne2ish,to debate,bne2esh,mnne2esh,btne2esh,btne2she,btne2sho,byne2esh,btne2esh,byne2sho
yne7dar,to watch,bne7dar,mnne7dar,btne7dar,btne7dare,btne7daro,byne7dar,btne7dar,byne7daro
yneda,to call for,bneda,mnneda,btneda,btnede,btnedo,byneda,btneda,bynedo
ynem,to sleep,bnem,mnnem,btnem,btneme,btnemo,bynem,btnem,bynemo
yokhlot,to mix,bokhlot,mnokhlot,btokhlot,btokhilte,btokhilto,byokhlot,btokhlot,byokhilto
yor2os,to dance,bor2os,mnor2os,btor2os,btor2ose,btor2oso,byor2os,btor2os,byor2oso
yostodem,to clash,bostodem,mnostodem,btostodem,btostodme,btostodmo,byostodem,btostodem,byostodmo
yotbokh,to cook,botbokh,mnotbokh,btotbokh,btotbkhe,btotbkho,byotbokh,btotbokh,byotbkho
yotlob,to order,botlob,mnotlob,btotlob,btotlbe,btotlbo,byotlob,btotlob,byotlbo
yra22e2,to soften,bra22e2,mnra22e2,btra22e2,btra22e2e,btra22e2o,byra22e2,btra22e2,byra22e2o
yra2eb,to watch/observe,bra2eb,mnra2eb,btra2eb,btra2be,btra2bo,byra2eb,btra2eb,byra2bo
yrajje3,to bring back,brajje3,mnrajje3,btrajje3,btrajj3e,btrajj3o,byrajje3,btrajje3,byrajj3o
yrakkez,to focus,brakkez,mnrakkez,btrakkez,btrakkze,btrakkzo,byrakkez,btrakkez,byrakkzo
yrattab,to organize,brattab,mnrattab,btrattab,btrattbe,btrattbo,byrattab,btrattab,byrattbo
yratteb,to organize,bratteb,mnratteb,btratteb,btrattbe,btrattbo,byratteb,btratteb,byrattbo
yrbot,to tie/link,brbot,mnrbot,btrbot,btrobte,btrobto,byrbot,btrbot,byrobto
yro7,to go,bro7,mnro7,btro7,btro7e,btro7o,byro7,btro7,byro7o
yrodd,to reply,brodd,mnrodd,btrodd,btrodde,btroddo,byrodd,btrodd,byroddo
yrou7,to go,brou7,mnrou7,btrou7,btrou7e,btrou7o,byrou7,btrou7,byrou7o
yru7,to go,bru7,mnru7,btru7,btru7e,btru7o,byru7,btru7,byru7o
ysabbet,to stabilize,bsabbet,mnsabbet,btsabbet,btsabbte,btsabbto,bysabbet,btsabbet,bysabbto
ysaddi2,to believe,bsaddi2,mnsaddi2,btsaddi2,btsaddi2e,btsaddi2o,bysaddi2,btsaddi2,bysaddi2o
ysaffi,to clear up,bsaffi,mnsaffi,btsaffi,btsaffe,btsaffo,bysaffi,btsaffi,bysaffo
ysakker,to close,bsakker,mnsakker,btsakker,btsakkre,btsakkro,bysakker,btsakker,bysakkro
ysakkib,to serve/pour,bsakkib,mnsakkib,btsakkib,btsakkbe,btsakkbo,bysakkib,btsakkib,bysakkbo
ysalle,to pray,bsalle,mnsalle,btsalle,btsalle,btsallo,bysalle,btsalle,bysallo
ysalle7,to fix/repair,bsalle7,mnsalle7,btsalle7,btsall7e,btsall7o,bysalle7,btsalle7,bysall7o
ysallem,to greet,bsallem,mnsallem,btsallem,btsallme,btsallmo,bysallem,btsallem,bysallmo
ysammi,to name,bsammi,mnsammi,btsammi,btsamme,btsammo,bysammi,btsammi,bysammo
ysarrekh,to yell/scream,bsarrekh,mnsarrekh,btsarrekh,btsarrkhe,btsarrkho,bysarrekh,btsarrekh,bysarrkho
ysawwer,to take picture,bsawwer,mnsawwer,btsawwer,btsawwre,btsawwro,bysawwer,btsawwer,bysawwro
ysayye7,to cry out,bsayye7,mnsayye7,btsayye7,btsayy7e,btsayy7o,bysayye7,btsayye7,bysayy7o
yse3ed,to help,bse3ed,mnse3ed,btse3ed,btse3de,btse3do,byse3ed,btse3ed,byse3do
yse3id,to help,bse3id,mnse3id,btse3id,btse3de,btse3do,byse3id,btse3id,byse3do
yseer,to become,bseer,mnseer,btseer,btseere,btseero,byseer,btseer,byseero
ysefer,to travel,bsefer,mnsefer,btsefer,btsefre,btsefro,bysefer,btsefer,bysefro
yseken,to reside,bseken,mnseken,btseken,btsekne,btsekno,byseken,btseken,bysekno
yshabbeh,to compare/liken,bshabbeh,mnshabbeh,btshabbeh,btshabbhe,btshabbho,byshabbeh,btshabbeh,byshabbho
ysharre2,to spark,bsharre2,mnsharre2,btsharre2,btsharr2e,btsharr2o,bysharre2,btsharre2,bysharr2o
yshayyik,to dress up,bshayyik,mnshayyik,btshayyik,btshayyke,btshayyko,byshayyik,btshayyik,byshayyko
ysherik,to share,bsherik,mnsherik,btsherik,btsherke,btsherko,bysherik,btsherik,bysherko
yshoof,to see,bshoof,mnshoof,btshoof,btshoofe,btshoofo,byshoof,btshoof,byshoofo
yshref,to overlook,beshref,mneshref,bteshref,bteshrfe,bteshrfo,byeshref,bteshref,byeshrfo
ysir,to become,bsir,mnsir,btsir,btsire,btsiro,bysir,btsir,bysiro
ysobb,to pour,bsobb,mnsobb,btsobb,btsobbe,btsobbo,bysobb,btsobb,bysobbo
ysou2,to drive,bsou2,mnsou2,btsou2,btsou2e,btsou2o,bysou2,btsou2,bysou2o
ytalfen,to call (phone),btalfen,mntalfen,bttalfen,bttalfne,bttalfno,bytalfen,bttalfen,bytalfno
ytatabba3,to track,btatabba3,mntatabba3,bttatabba3,bttatabba3e,bttatabba3o,bytatabba3,bttatabba3,bytatabba3o
ytayyer,to fly something,btayyer,mntayyer,bttayyer,bttayyre,bttayyro,bytayyer,bttayyer,bytayyro
ytejir,to trade,btejir,mntejir,bttejir,bttejre,bttejro,bytejir,bttejir,bytejro
ytir,to fly,btir,mntir,bttir,bttire,bttiro,bytir,bttir,bytiro
ytwassa,to take care of,btwassa,mntwassa,bttwassa,bttwasse,bttwasso,bytwassa,bttwassa,bytwasso
yuntur,to wait for,bnter,mnenter,btenter,btentre,btentro,byenter,btenter,byentro
yutaleb,to demand,btaleb,mntaleb,bttaleb,bttalbe,bttalbo,bytaleb,bttaleb,bytalbo
ywa2e3,to fall,bwa2e3,mnwa2e3,btwa2e3,btwa23e,btwa23o,bywa2e3,btwa2e3,bywa23o
ywa2ef,to stop,bwa2ef,mnwa2ef,btwa2ef,btwa2fe,btwa2fo,bywa2ef,btwa2ef,bywa2fo
ywefe2,to agree,bwefe2,mnwefe2,btwefe2,btwef2e,btwef2o,bywefe2,btwefe2,bywef2o
ywsal,to arrive,bwsal,mnwsal,btwsal,btwsale,btwsalo,bywsal,btwsal,bywsalo
yzabbet,to fix,bzabbet,mnzabbet,btzabbet,btzabbte,btzabbto,byzabbet,btzabbet,byzabbto
yzid,to add/increase,bzid,mnzid,btzid,btzide,btzido,byzid,btzid,byzido
yzur,to visit,bzur,mnzur,btzur,btzure,btzuro,byzur,btzur,byzuro
zara3,to plant,bezra3,mnezra3,btezra3,btezra3e,btezra3o,byezra3,btezra3,byezra3o
ze3el,to be sad,bez3al,mnez3al,btez3al,btez3ale,btez3alo,byez3al,btez3al,byez3alo
