arabizi_word,english_translation
2a3ad,to sit
2a3de,sitting
2aal,to say
2abar,to bury
2abel,before
2ada,to spend time
2adar,fate/divine decree
2add,as much as
2adech,how much
2ader,able
2adim,old
2afa,back of neck
2ahwe,coffee
2akel,food
2al3a,citadel/castle
2alab,to turn/flip
2alam,pen
2alb,heart
2aleel,few/little
2am,to stand up
2amar,moon
2ameh,wheat
2amen,to believe
2aneene,bottle
2anoon,law
2arab,to be related
2ard,land/earth
2are,reader
2areeb,relative
2areeban,soon
2aren,century
2arib,near
2armid,tile/roof tile
2arrab,to come near
2arrar,to decide
2arye,village
2asad,to mean/intend
2asas,retribution
2asdan,intentionally
2ase,hard/tough
2aseer,short
2aser,castle
2asida,poem
2aswe,harshness
2atal,to kill
2atel,killer/murderer
2atta3,to cut/pass
2awal,first
2awe,strong
2awlawiye,priority
2awme,standing
2ayel,having said
2ebel,to accept
2eeme,value
2el2an,worried/anxious
2ele2,to worry
2elet,to say (I said)
2elib,to flip over
2ello,to tell him
2enble,bomb
2erd,monkey
2eresh,shark
2essa,story
2id,hand
2imme,peak/pinnacle
2irfe,cinnamon
2maar,gambling/betting
2mesh,fabric/textile
2ot3a,piece
2ouwe,force/power
2rar,decision
2raye,reading
2ude,room
2udra,ability
2zez,glass
3a,to/on
3a2el,mind
3abar,to cross
3abed,slave
3abukra,early morning
3adale,muscle
3adas,lentils
3adatan,usually
3ade,normal
3adel,fair/just
3adou,enemy
3adra,virgin (Mary)
3afrit,demon/imp
3afw,forgiveness/pardon
3afwan,sorry/excuse me
3aj2a,crowd/traffic
3ajale,haste/hurry
3ajib,amazing/wondrous
3al akid,for sure
3ala,on
3ala kil,anyway
3ala mahlak,take your time/slowly
3alam,world
3alami,global
3ale2a,relationship/connection
3alem,scientist
3alla2,to hang/get stuck
3am,progressive marker
3amal,to do/make
3amaliyan,practically
3amil,worker
3amm,uncle
3ammar,to build
3amme,general/public
3ammeh,aunt
3amto,aunt (paternal)
3an,about
3an 3atool,all the time
3ana,to suffer
3and,to have/at
3ande,I have
3ando,he has
3andon,they have
3anif,violent
3anjad,really
3anna,we have
3ansara,Pentecost
3aqide,doctrine/ideology
3arabe,Arabic
3arbash,to climb
3ared,offer
3arraf,to define
3asal,honey
3aseer,juice
3aser,era/age
3asfe,storm
3asfoor,bird
3ash,to live
3asha,dinner
3asheb,herb
3ashen,because of/for
3ashra,ten
3askari,military
3assab,to be angry
3ataba,traditional poetic singing
3atel,bad/broken
3atem,darkness
3ater,perfume
3atifi,emotional
3atshen,thirsty
3awde,return
3awne,help/assistance
3ayb,shame/shameful
3ayesh,living
3ayle,family
3ayn,eye
3ayyat,to yell/call out
3azam,to invite
3azame,grandiosity/greatness
3azim,great/awesome
3azime,invitation
3eed,anniversary/holiday
3eed miled,birthday
3elem,to know
3eres,wedding
3esh,nest
3i2eb,punishment
3id,"celebration, holiday"
3id miled,birthday
3ilm,knowledge/science
3ilm el-falak,astronomy
3ilmani,secular
3immel,workers
3inab,grapes
3ind,to have/at
3ishe,life/living
3ishreen,twenty
3iter,scent/perfume
3iyade,clinic
3jeb,to impress
3moule,commission
3omor,age/life
3otle,holiday/day off
3oud,lute / oud
3ref,to know
3unsuriyye,racism
3unuf,violence
3waynet,glasses
7a2,right
7a2el,field
7abb,to like/love
7abel,rope
7abib,darling/dear
7ad,next to
7ada,someone/person
7add,border/limit
7addad,to determine
7addar,to prepare
7adee2a,garden
7adeed,iron
7ades,accident
7afaz,to memorize
7affaz,to stimulate/motivate
7afle,party
7ajar,rock/stone
7ajaz,to reserve
7aki,talk/speech
7akim,doctor
7akura,small home garden
7al,self
7aleeb,milk
7all,solution
7alla2,barber
7allal,to analyze
7ama,to protect
7ame,hot
7amel,carrying
7amem,toilet/bathroom
7ames,excitement
7amet,mother-in-law
7amle,campaign
7amra,red (f)
7amud,sour/lemon
7anin,nostalgia
7aniyye,tenderness
7ara2,to burn
7arake,movement
7aram,pity/forbidden
7arara,temperature/heat
7arb,war
7areb,to fight
7aree2,fire
7aref,letter
7arr,spicy
7arta2a,noise/racket
7asab,depending on
7ashara,insect
7ashoor,curious/nosy
7atmiyye,determinism
7att,to put
7atta,until/so that
7awali,approximately / about
7awel,around
7awwal,to transform
7ay,neighbourhood
7ayawen,animal
7aye,life
7ayye,snake
7azeen,sad
7azz,luck
7da3esh,eleven
7eet,whale
7efez,to memorize/preserve
7efz,memorization
7eit,wall
7elem,dream
7elo,nice/beautiful (m)
7emaye,protection
7ezen,sadness
7ikme,wisdom
7is,to feel
7ishre,nosy/curious
7ishriyye,curiosity/nosiness
7izeh,shoe
7le2a,haircut
7mar,donkey
7ob,love
7san,horse
7seb,bill
7tafal,to celebrate
7tar,to be confused
7ufra,hole
7ukum,sentence/judgment
7urr,free
7urriyye,freedom
7walayna,around us
7zayran,June
a3de,living room/sitting
a3mal,business
a3sab,nerves
a3ta,to give
a7ad,Sunday
a7la,more beautiful
a7mar,red
a7san,better
a7yanan,sometimes
aab,August
ab7as,research
abadan,never
abel,before
aben,son
abou,father
abraz,most prominent
absha3,uglier/ugliest
abuna,priest
abyad,white
adaar,March
adab,literature
adat,tools
adda,to lead to
adde,how much
adib,writer / literary figure
afkar,ideas
aghniya,rich
aghrab,strangers
aham,most important
ahamye,importance
ahdef,objectives
ahel,parents/family
ahla w sahla,welcome
ahli,civil
ahliye,civil
ahmal,to neglect
ahsan,best/better
ahwe,coffee
ajdad,ancestors
ajmal,most beautiful
ajnabe,foreigner
ajnabi,foreign
akbar,bigger
akeed,for sure
akel,food
akhawi,fraternal / brotherly
akhbar,news
akhdar,green
akhiran,finally
akhla2,morals
akhla2e,ethical/moral
aktar,most/more
al,said
ala,machine
alaf,thousands
alam,pen
albe,my heart
alef,thousand
almane,German
almas,diamond
amaken,places
amal,hope
amerke,American
amma,but / as for
amn,security
ana,I
ana2a,elegance
ananas,pineapple
aniqa,elegant
anja7,most successful
anka,worst
arb3a,four
arb3een,forty
ard,land/ground
arghile,hookah/water pipe
arib,near
arkhas,cheaper
as2at,to topple / bring down
as7ab,friends
asase,basic / essential
asateer,myths
asaye,cane/stick
aseer,short
asel,origin / roots
asem,name
ash-har,most famous
ashal,easier
ashraf,to overlook
aslan,originally / at all
asmar,brown
asrar,secrets
assas,to found/establish
aswa2,worst
aswad,black
atrash,deaf
atwal,longer
atyab,tastier
aw,or
aw2at,sometimes
awas,to shoot
awey,strong/heavy
awwal,first
awwale,raw/primary
ayle,family
aylool,September
aymata,when
ayy,any
ayyar,May
ayyem,days
azka,smarter
azme,crisis
azra2,blue
azza,hurt / harm
b3eed,far
b7ebbak,I love you
b7ib,to like / love
ba2a,anymore/then
ba2dunes,parsley
ba2i,remaining / still
ba33ad,to be far
ba3at,to send
ba3dein,then/afterwards
ba3do,still
ba3ed,after/not yet
ba3raf,to know
ba3th,rebirth
ba7er,sea
ba7la2,to stare
baa3,to sell
baayi3,seller
baba,dad
babili,Babylonian
bada,she wants
badak,you want (m)
badal,instead
badal ma,instead of
badawe,bedouin
badd,to want
badde,I want
baddo,he wants
badile,alternative
badle,suit
badna,we want
badon,they want
baghel,mule
bakeer,early
bakhsheesh,tip
bala,without
balad,country
balkon,balcony
ballash,to start
balwe,calamity/problem
bana,to build
banadura,tomato
bara,outside
barake,blessing
baram,to go around/circle
baraz,to emerge / stand out
bare2,lightning
bari2,innocent
barke,maybe
barnamej,program
barra,outside
barrad,fridge
barrane,external / outside
barrude,gun
bas,but
basal,onion
baseet,simple
bashar,humans
bashra,skin
bass,only/but/when
batal,hero
batariyye,battery
batata,potato
batee2,slow
bateekh,watermelon
batinjen,eggplant
baton,concrete
batta,duck
battal,to stop
bawse,kiss
bay,father
bayanet,data
bayda,egg
bayen,report/declaration
bayn,between
bayt,house
bda3a,"goods, merchandise"
be2der,to be able to
be2e,rest/remainder
be2la2,to worry
be2lewa,baklava
beb,door
bedoon,without
beera,beer
beke,to cry
bel,mind
bele,second-hand
ben,between
beneyeh,building
benzin,gasoline
bered,cold
berken,volcano
bernemej,schedule/program
beser3a,"fast, quickly"
beshe3,ugly
besten,garden/orchard
beton,concrete
beye2,to stay
beyt,house
bhar,pepper
bharat,spices
bi,in
bi khsoos,concerning
bi l-akher,in the end
bi l-awal,first/at the beginning
bi sara7a,honestly
bi sharet enno,provided that
bi wa2et enno,whereas/while
bi2a,environment
bidaye,beginning
bidoon,without
bikhawwef,scary
bil-zabet,exactly
bilden,countries
bina2,building/construction
biniyye,brown
bint,girl
bira,beer
blad,homeland/country
bniye,structure
bo3bo3,boogeyman
booza,ice cream
bru7o,by itself/alone
bsayne,cat
bu3d,distance
bu7ayra,lake
bukra,tomorrow
bunduqiye,rifle
burghul,bulgur
burj,horoscope / zodiac sign
bwej,facing
byekhod,to take
chai,tea
chedde,hardship
cheikh,sheikh
cigara,cigarette
d2i2a,minute
da22,to knock/strike
da2en,beard
da3a,to call for
da3m,support
da3ya,weather/conditions
da77ak,to make laugh
dabaab,fog
dabb,to organize/pack
dabbar,to manage/figure out
dabke,traditional dance
dablaje,dubbing
daf,tambourine
daf3a,boost / push
dafa3,to pay
daftar,notebook
daghet,stress / pressure
dahab,gold
dahabiye,golden
dahan,to smear/paint
daher,back
dahiye,victim
dajje,noise / bustle
dakhal,to enter
dakhan,to smoke
dakheel,intruder/seeking protection
dakhem,massive/huge
dakhili,internal
dal3ouna,traditional melody
daleel,guide
dalil,evidence
dall,to stay/remain
damawi,bloody
damir,conscience
damm,blood
dar,house
daraje,degree/level
darak,police
darb,road/path
darbakke,drum (goblet drum)
daris,student
darrab,to train/practice
dars,lesson
darure,necessary
daw,light
dawa,medicine
dawafi3,motives
dawbal,to overtake (vehicle)
dawkha,dizziness
dawle,"government, state"
dawleeb,wheel
dawr,role
day3a,village
dayf,guest
dayman,always
dayya3,to waste/lose
de77ek,to laugh
de7ke,smile/laugh
debs,molasses
ded,against
deeb,wolf
deek,rooster
deen,religion
deer,gazelle
defa3,to defend
defe,warm
deghre,directly / immediately
dehen,butter/fat
dekene,shop/store
dene,world
deyikh,dizzy
difa3,defense
dikhan,cigarettes
dine,religious
diniye,world/life
diyafe,hospitality
diyyeh,blood money/compensation
djej,chicken
dmegh,brain
do3of,weakening
dod,opposite
dohor,noon
domen,within
doun,without
dukkan,shop
dura,corn
ebn,son
edem,in front
eed,hand
eh,yes
ejtime3,meeting
ekel,to eat
ekhir,last
ekht,sister
ekhtara3,to invent
el-yom,today
elak,for you
elfe,affection
ella iza,unless
elo,to him
elun,their
em,mother
eman,belief
enno,that
enta,you (m)
ente,you (f)
ento,you (pl)
eres,legacy/inheritance
ersh,coin/penny
erte7,to rest/be at ease
esba3,finger
esem,name
esma3,to listen
estez,mister/teacher
etalla3,to look at
etle2a,meeting/gathering
eyyem,days
ezen,permission
fa,so
fa2er,poverty
fa2ir,poor
fa2l,omen / hopeful sign
fa7em,coal
fa7es,exam/test
fada2,space
fade,empty
fadi7a,scandal
fahlawe,sly/clever
faj2a,suddenly
fajer,dawn
fakhame,luxury
fakhme,luxurious
fakhr,pride
fakkar,to think
falastini,Palestinian
fall,to leave
fallah,peasant / farmer
falsafe,philosophy
falsafi,philosophical
fann,art
fannan,artist
fanni,technician
far7a,happiness
fara2,to differ/make a difference
faragh,void / emptiness
faraj,relief
fare2,difference
fare3,branch
fared,odd/single
farja,to show
farod,homework
fasad,corruption
fasaha,eloquence
fasel,chapter / phase
fasil,faction
fassad,to corrupt
fat7a,opening
fatoura,bill/invoice
fatra,period
fattash,to search
fawda,chaos
fawre,instant
fayadan,flood
fayde,benefit
fayy,shade
fe2,to wake up
fe3el,verb
fehim,one who understands
fejel,radish
feker,thought
fekra,idea
fekri,intellectual
ferede,to accept / be content with
ferren,bakery
fersheye,brush
feshel,to fail
feshil,loser/failure
fet,to pass/go by
feter,mushroom
fi,there is/in it
fidda,silver
fik,you can
fina,we can
fini2i,Phoenician
finjen,cup
fistan,dress
fiye,I can
fo2,above
foren,oven
forsa,break
fose7,Easter
frekh,chicks/young birds
frem,brake
fweke,fruit
ghabe,stupid
ghada,lunch
ghadban,angry
ghalat,wrong
ghale,expensive
ghaliban,often
ghamed,mysterious
ghamra,hug
ghane,rich
ghanne,to sing
gharad,purpose
gharam,deep love
gharame,penalty/fine
gharb,west
gharbe,western
gharib,strange/unfamiliar
gharize,instinct
ghasal,to wash
ghasben 3an,against one's will
ghaseel,laundry
ghasool,wash gel
ghassa,heartache/lump in throat
ghata,lid
ghayme,cloud
ghayr,"another, other"
ghayyar,to change
ghaz,gas/stove
ghazel,gazelle
gheb,to disappear
ghenniye,song
ghere2,to drown
ghina,wealth
ghira,jealousy
ghirfe,room
ghiza2,food
ghoroob,sunset
ghrad,stuff/things
ghurbe,exile
ha2,right
ha22a2,to achieve
ha2i2a,truth / true
hadaf,goal / objective
hadame,humor/wit
hadari,civilizational
hadathe,modernity
hadda,to calm
hade,quiet/calm
hadine,cradle
hadir,present
hadis,modern/conversation
hajam,to attack
hajar,stone
hakim,doctor
hal,this
halla2,now
hamed,sour
hamel,carrying
hamm,worry/concern
hamma,to concern / matter
hammal,to hold responsible
hammas,to toast/roast
hana,happiness
hanin,nostalgia
haniyye,compassion
harake,movement
harb,war
harir,silk
hasad,harvest
hasar,to besiege
hawa,air/love
hawas,obsession
hawiyye,ID
hayda,this (m)
haydak,that (m)
hayde,this (f)
haydik,that (f)
haydol,these
hayet,life
hayy,neighborhood
hazzab,to discipline/refine
hdiyye,gift
hek,like this
hemaye,protection
heroub,escape
hijra,emigration
hilw,nice/beautiful
hindbe,chicory/dandelion greens
hinde,Indian
hinne,they
hirfe,craft
hisar,siege
hiwar,dialogue
hiweye,hobby
hiyye,she
hizb,party
hkaye,story/tale
hokem,rule/governance
hole,those
hon,here
honik,there
hub,love
hudou2,calm/quiet
hurr,free
hurriye,freedom
huwwe,he
i2a3,rhythm
i2tisad,economy
i3dam,execution
i3leniyye,advertising
i3tida2,aggression/assault
i3timad,to rely on
i7ses,feeling
i7tilel,occupation
i7tira2,burnout
ibde3,creativity
ibn,son
ibn beyt,well-raised person
ibtikar,innovation
id,hand
idara,administration
iftikhar,pride
ightirab,diaspora/emigration
ightiyal,assassination
ihteram,respect
ihtifel,celebration
ihtimem,care/interest
ija,to come
ijer,leg/foot
ijtima3i,social
ijtiye7,invasion
ikhraj,expulsion/removal
ikhtafa,to disappear
ikhtisas,major/specialization
ikhtisase,specialist
ikhtiyar,choice
ikhwe,brothers
ikteshaf,to find out/discover
ilghe2,abolishing/canceling
ilham,inspiration
illa,minus/except
iltea7a2,to join
imam,imam
imti7an,exam
in3araf,to be known
indala3,to break out
infiteh,openness
inglise,English
inhar,to collapse
inhiyar,collapse
inno,that
insen,human/person
inseniyye,humanity
inta,you (m)
intaj,production
inte,you (f)
intibeh,attention
intideb,mandate
intihak,violation
intima2,belonging
intiqami,vengeful
iqlim,region/district
iqtisadiye,economic
iqtitel,fighting/killing
irade,will
irta7,to rest/be at ease
irtabat,to be linked
irtijel,improvisation
isabe,injury
isem,name
ishi,thing
ishtara,to buy
ishtirak,subscription
ishtirakiye,socialism
isla7,reform
islami,Islamic
ismo,his name
isra2ili,Israeli
issa,story
istalam,to take over/be in charge
isti3mari,colonial
isti3mel,to use
istideme,sustainability
istina3e,artificial
istiqlel,independence
istirad,import
istithmar,investment
istiyqaz,waking up
itisal,call/connection
ittefe2,deal/agreement
iyyem,days
iza,if
izdihar,prosperity
jabal,mountain
jabha,front
jadal,controversy
jadde,serious
jale,dishwashing
jamal,camel
jame3a,community/group
jami3,everyone/all
jami3a,university
jammal,to make beautiful
jana,to harvest/collect
jann,to go crazy
janoub,south
jar,neighbor
jara7,to wound
jaride,newspaper
jarime,crime
jarra,jug
jasade,physical/bodily
jat,bowl
jathoum,sleep paralysis
jawaz safar,passport
jawde,quality
jaweb,answer
jaww,mood/atmosphere
jawz,husband
jaybe,pocket
jaye,next/coming
jaza,penalty/sanction
jazar,carrot
jdid,new
jdoud,grandparents
jeb,to bring
jebne,cheese
jehez,ready
jele2,thick-skinned
jemhouriye,republic
jemle,sentence
jesem,body
jesse,corpse / dead body
jeweb,to answer
jeye,coming
jeyze,prize/reward
jeza,to punish/reward
ji3an,hungry
jibne,cheese
jiddo,grandfather
jil,generation
jiled,skin
jim3a,week/Friday
jimle,sentence/phrase
jinah,wing
jinn,jinn/spirit
jira7a,surgery
jiser,bridge
jnene,garden/park
jnoun,madness
joo3,hunger
joumhour,audience
juhd,effort
juwa,inside
juz2,part
jzour,roots
ka2anno,as if
ka2ed,leader
ka2en,creature/being
ka3eb,heel
ka3ke,kaak (bread ring)
kabas,to press
kabb,to throw
kabbar,to make grow/raise
kabeele,tribe
kabees,pickles
kabrit,matches
kafer,pagan/infidel
kaff,palm
kahraba,electricity
kal,to eat
kaleb,dog
kalem,speech
kalset,socks
kamen,also
kammal,to continue / complete
kamoon,cumin
kan,to be (was)
kanise,church
kanun,law/rule
karam,generosity
karame,dignity
karaz,cherry
karim,generous
karkhana,factory
karmeh,vine
kasar,to break
kashf,revealing/uncovering
katib,writer
kawkab,planet
kawn,universe
kaza,several
kbeer,big/old
keber,to grow/get big
kebeye,glass/cup
kebus,nightmare
kees,bag/sack
kelme,word
kemel,complete/perfect
ken fi marra,once upon a time
kenun awal,December
kenun tene,January
kenz,treasure
kermel,for the sake of
kermel heik,for this reason
kerse,chair
keshek,kishk
keslan,lazy
ketib,writer
kezeb,lie
khabar,news
khabbar,to tell/inform
khabir,expert
khabriye,piece of news
khabta,the hit/the high
khaf,to fear
khaffa,to hide
khafif,light
khal,uncle (maternal)
khalal,glitch / defect
khalas,done/enough
khaleej,gulf
khalf,behind
khalit,mix
khalla2,creative
khalwe,seclusion
khamees,Thursday
khamse,five
khamseen,fifty
khaniq,suffocating
kharaj,to come out / exit
khareef,autumn
khareeta,map
kharije,foreign / external
khasara,loss
khashab,wood
khass,special
khassatan,especially
khata2,mistake
khatar,danger
khateer,dangerous
khatem,ring
khatib,engaged (to marry)
khatibe,fiancée
khatiyye,sin
khawf,fear
khawwaf,scary/to scare
khayal,phantom/imagination
khayef,afraid
khayel,shadow/image
khayy,brother
khayyat,tailor
khebes,wickedness
khebez,bread
khede,to take
kheir,good/goodness
khele2,to be born/create
khelos,to finish/end
kheser,to lose
khetta,plan
khibez,baker
khilel,during
khisran,loser
khisse,testicle
khitab,speech
khiyar,choice
khsousiyye,privacy
khtar,to choose
khudra,vegetables
khurafe,superstition
khutwe,step
khyar,cucumber
khzene,closet
kibbe,kibbeh
kif,how
kifak,how are you
kifkun,how are you (plural)
kil,every/all
kil shi,everything
kil yom,every day
killun,all of them
kimye2e,chemical
kira2a,reading
kireh,to hate
kishk,fermented grain food
kiteb,book
kitra,abundance
kiyan,entity / existence
kizbe,lie
knefe,knafeh
knise,church
kol,to eat
koosa,zucchini
ktab,to write
ktashaf,to find out/discover
kteb,book
ktir,very/a lot
kulliyan,totally
kursi,chair
l7af,blanket
la,to/for
la l-abad,forever
la2,no
la2enno,because
la2me,morsel
la77a2,to follow/catch up
la7ad ma,until
la7alo,by himself
la7me,meat
la7za,moment
laban,yogurt
labes,wearing
labneh,strained yogurt
lahje,dialect
lal asaf,unfortunately
lamm,to collect
lamma,when
lamse,touch
laqab,title / nickname
law,even if
law sama7et,please/if you allow
law7a,painting
layl,night
lazeez,delicious
lbes,underwear/clothing
lbos,to wear
le2a,to find
le2e,to find
le3be,toy
le3ib,player
le7e2,to follow/catch up
lebnen,Lebanon
lebnene,Lebanese
leish,why
leje2,refugee
lek,look (interjection)
lezim,must/need to
li3eb,to play
libnani,Lebanese
lira,lira (currency)
lon,color
lotf,kindness
loum,blame
lsen,tongue/language
lta2a,to meet
lugha,language
lyom,today
m2affal,locked
m3allem,teacher
m3ash,salary
m3assab,angry
m3ayyan,certain/specific
m7ammas,excited
m7annat,mummified
ma,not
ma2bul,acceptable
ma2set,tragedy
ma2too3,cut off
ma3,with
ma32ul,reasonable
ma3bad,temple
ma3de,stomach
ma3had,institute
ma3joo2,crowded
ma3joon,paste
ma3lesh,no problem/never mind
ma3lume,piece of information
ma3mal,factory
ma3moul,filled cookies
ma3mour,lively / prosperous (of a home)
ma3na,meaning
ma3rake,battle
ma3rife,knowledge
ma3tam,restaurant
ma7al,shop/place
ma7foor,engraved
ma7zooz,lucky
mabda2,principle
mabrook,congratulations
mabsoot,happy
madde,subject (school)
madi,past
madine,city
madkhal,entrance
madrase,school
mafi,there isn't
mafroud,should/supposed to
maftoo7,open
maghsalle,laundry/dry cleaners
mahalle,local
mahara,skill
mahatta,phase / station
mahdum,funny/cute
mahjour,abandoned
mahmoom,worried
mahrajan,festival
mahroum,deprived / dispossessed
mahwoos,obsessed
mahzoom,defeated
majalle,magazine
majel,field
majla,counter/sink
majles,"council, gathering"
majmu3a,group
majzara,massacre
makan,place
makhzan,warehouse
maktab,office
maktabe,library/bookstore
maktub,written/destined
mal3ab,stadium/playground
mala,to fill
malal,boredom
malla,what a
malyan,full
malyun,million
mama,mom
mamnu3,forbidden
man2al,brazier / grill
man2ooshe,manoushe (flatbread)
mana3,to prevent
manjam,mine
mankhar,nose
mannak,you are not
mansi,forgotten
mante2,logic
mante2a,area / region
manzar,appearance/view
maqam,musical mode/soul
mar7aba,hello
mar7ale,phase / era
mara,woman
marad,illness/disease
mareed,sick
marhaba,hello
marhale,stage/phase
markaz,center
marra,time/once
marte,my wife
mas2ouliye,responsibility
mas2ul,responsible
masa,evening
masalan,for example
masari,money
masbagha,dye shop
masdar,source/origin
masee7,Christ
masee7iyye,Christian/Christianity
mash3ar,feeling
mashbouh,suspicious
mashghoul,busy
mashhoor,famous
mashkal,problem
mashloul,paralyzed
mashroob,drink
mashrou3,project
mashwe,walk/walking trip
masira,march/procession
masjed,mosque
masloo2,boiled
masloukha,skinned
masna3,factory
masra7,theatre
mastaba,stone bench
mastour,hidden/concealed
mat3am,restaurant
mat7af,museum
mat7oon,ground (crushed)
matal,example
matar,airport
matbakh,kitchen
matfi,extinguished
matra7,place/area
maw2af,parking
maw3ad,appointment
mawaal,vocal improvisation
mawad,materials
mawdou3,topic/subject
mawered,resources
mawjoud,present/available
mawrouth,heritage/folklore
mawsam,season
mawtour,generator
mayl,disposition/tendency
mayle,side/slope
mayy,water
mayyet,dead
maz3ooj,annoyed
mazaj,mood
mazbale,trash heap
mazhar,appearance
mbahhar,spiced/seasoned
mbala,of course/yes
mbasat,happy/pleased
mbayen,appears/seems
mbere7,yesterday
mdabdeb,cloudy
mdammar,destroyed
mdeni,civilian
mdine,city
me2le,fried
me3na,meaning
me7rez,worthwhile
me7wari,pivotal
mebde3,creative
meddakhrat,savings
meen,who
mefte7,key
meghlle,boiled
mehwar,ridge
mekhtelef,different
mele7,salt
melme7,feature
melyene,full
men,from
men fadlak,please
men zamen,long ago
meni3,objection/problem
menna,from us
menno,from him
mertbet,connected
meshkle,problem
meshmush,apricot
meshre2,bright
meshta2,longing/missing
mestalshe2,annoying
met3awen,helpful/cooperative
met3eb,tiring
metel,like/similar to
metghadde,having had lunch
metwafer,available
mez3ej,annoying
mezza,appetizers
mfawadat,negotiations
mghanne,singer
mghayyem,cloudy
mhadda,demolished/falling apart
mhandis,engineer
mhara-hara,ragged/tattered
mhazzab,polite
mhem,important
mi2liyye,fried
mi3ted,usual/used to
mi3wajj,crooked
mi3yar,standard
middayyen,religious
mijana,traditional singing form
mijwiz,double-reed flute
milishiya,militia
milsen,sweet-talker
minshen,because of
minta2a,region
mirte7,at peace/relaxed
mish,not
mishwe,grilled
mistashfa,hospital
miyye,hundred
mjamma3,collected/gathered
mjawwaz,married
mkasel,lazy/unmotivated
mla32a,spoon
mlahhen,composer
mlookhiye,jew's mallow dish
mnasir,supporter
mnawwa3,diverse/varied
mnee7,good
mo2abale,interview
mo2arane,comparison
mo3ahade,treaty
mo3amale,treatment
moda,fashion
mofadal,favorite
mohem,important
mokh,brain
mokhrij,director
momassil,actor
momkin,possibly
mor3eb,terrifying
morr,bitter
mosalsal,TV series
mosammim,designer
mosawat,equality
moshtarak,shared/common
mot,death
motreb,singer
mou2men,believer/believing
moukawwinat,ingredients
moukhaddarat,drugs
moukhatara,risk
mouneh,preserved food stocks
mousi2a,music
mousta2bal,future
moz,banana
mrabba,jam
mrad,desire/wish
mrattab,organized
mraye,mirror
mrteh,comfortable/rested
msa22af,intellectual/cultured
msaytar,in control
msefer,traveling
msewa,fine/okay
msh,not
mshaytan,naughty
msibe,disaster
mta3did,multiple
mtaffi,turned off
mtakher,late
mu2abale,interview
mu2amara,conspiracy
mu2assis,founder
mu2lim,painful
mu3alej,therapist/healer
mu3ane,suffering
mu3ayan,specific/certain
mu7ami,lawyer
mu7bat,frustrated
mubashar,direct
mudafa,added
mudir,boss/manager
mufaddal,favorite
mufakkir,thinker
mufeja2a,surprise
mufid,useful
mughanne,singer
mughtareb,expat/emigrant
muhaddad,specific/defined
mujarrad,merely/just
mujawharat,jewelry
mujrem,criminal
mujtama3,society
mukamara,gambling
mukhayyam,camp
mukhtalif,different
mulakhas,summary
mumarred,nurse
mumasel,actor
mumell,boring
mumken,possible/maybe
munazzama,organization
muqatil,fighter
muqawame,resistance
mur3eb,terrifying
murr,bitter
musalsal,TV series
muse2ale,accountability
muse3ade,help
musema7a,forgiveness
musta2el,independent
mustadime,sustainable
mustana3,artificial/fake
muta2a3ed,retired
muta3atif,empathetic
mutabadel,mutual
mutahammis,excited person
mutaraddid,hesitant person
muthaqqaf,intellectual
muwajaha,confrontation
muwaled,generator
muwasalet,transportation
muwatin,citizen
muwazaf,employee
muzahara,protest/demonstration
muzare3,farmer
mwattar,worried/stressed
mzayyaf,fake
na2i,pure
na3am,yes
na3na3,mint
naba3,spring/water source
nadafe,cleanliness/hygiene
nader,rare
nafas,breath
nafes,same
nafse,psychological/mental
naher,river
naja7,success
nakha,flavor
nakhwa,gallantry/chivalry
namle,ant
naqsh,engraving
nar,fire
nashat,activity
nashit,active
nasib,fate
nasme,breeze
nass,text
naswe,forgetfulness
natije,result/consequence
naw3,type/kind
nay,flute (reed)
naym,asleep/sleeping
nayy,raw
nazariye,theory
nbid,wine
ndif,clean
ne3em,soft
ne7na,we
nede,club
nehaye,end
neji7,successful
nejme,star
nemr,tiger
nes,people
neshif,dry
neswen,women
netfe,a little bit
newe,intending
nhar,day
niha2i,final
nisen,April
nisyan,forgetting
nizam,system
nom,sleep
noss,half
nubugh,genius/brilliance
nuchou2,emergence/rise
nufouz,influence
omme,nation
omniye,wish
ossa,story
qadeem,old/ancient
qal3a,fortress / citadel
qarmid,roof tiles
qarye,village
qaside,poem
qatil,killed person / casualty
qawarma,meat preserved in fat
qawi,strong
qawmi,nationalist
qiime,value
qina3,mask
qiyade,leadership
ra2abe,censorship
ra2ees,president
ra2em,number
ra2i2,thin/flake
ra2me,digital
ra2smeliyye,capitalism
ra2y,opinion
ra3ed,thunder
ra7a,comfort/rest
ra7me,mercy/compassion
ra7ume,compassionate
rabb,Lord
rabe3,fourth
rabee3,spring
rabet,connecting/linking
rabta,"bundle, pack"
rad fi3el,reaction
rade3,deterrence
raf,shelf
rafahye,luxury
raghbe,desire
raghm,despite
ramli,sandy / sandstone
ramz,symbol
ras,head
ras sine,new year
rasmi,official/public
raw3a,amazing
raye7,going
re7a,smell
re7le,trip
rebe3,quarter
rejjel,man
rfi2,friend
rfi2a,friend (female)
ri2ase,leadership / presidency
rif,countryside
rimeye,shooting
risele,message
riwaye,novel
rizek,provision / livelihood
rkhis,cheap
rmede,grey
ro2ya,vision
ro3eb,horror
romane,Roman
rou7,soul
rou7e,spiritual
ruken,cornerstone / pillar
ryada,sport/workout
sa2afe,culture
sa2eel,annoying/heavy
sa2ef,roof
sa3ade,happiness
sa3b,difficult
sa3ra,loophole / gap
sa7,correct
sa77a,health
sa7a,village square
sa7eb,friend
sa7ee7,correct/right
sa7en,plate
sa7ira,witch
sa7ra,desert
sa7tein,bon appetit
sab3a,seven
sab3een,seventy
sabab,cause
sabah,morning
sabe,boy
sabet,Saturday
sabor,patience
saboun,soap
sada2a,friendship
sadaka,charity
sader,chest
sadme,trauma
saf,class
saf7a,page / sheet
safe,clear/pure
safine,ship/boat
saghir,little one
sahar,staying up late
sahra,evening out
saj,saj bread/griddle
sakhra,rock
sakine,tranquility
sala,prayer
salam,peace
salam dekhli,inner peace
salata,salad
salim,sound / healthy
saltana,musical euphoria
sama,sky
sama7allah,God forbid
samak,fish
samne,ghee
samoud,resilience
samsar,broker/agent
samt,silence
san3a,craftsmanship
sandou2,"cash register, box"
sarame,strictness/harshness
sarem,strict
sari3,fast
sarsoor,cockroach
sate7,rooftop
sawa,together
sawda,liver
sawt,voice
saydalaniyye,pharmacist
saydaliye,pharmacy
sayf,summer
saytara,control
sayye2,bad
se2al,to ask
se2il,liquid
se3a,hour/o'clock
se3ad,to help
se3er,price
se7a,square/plaza
seer,to happen/become
sefar,to travel
seid,hunt
seir,traffic
seker,to get drunk
sekran,drunk
selsile,series
sem3a,reputation
seme3,to hear/listen
seme7,to forgive
sene,year
senn,tooth
ser2a,theft
ser3a,speed/quickness
serej,lamp
sermaye,slipper
serra2,thief
set,lady
sgheer,small/young
sha2a,apartment
sha3bi,popular/folk
sha3biye,popularity
sha3er,hair
shab,guy/young man
shabah,to resemble
shabak,net/wire
shaf,to see
shafafiyye,transparency
shafahe,oral
shaghle,work/thing
shaher,month
shahiye,appetite
shahwe,desire/craving
shajra,tree
shakel,shape/form
shakhs,person
shakhse,personal
shakhsiye,personality
shammem,to smell
shams,sun
shamse,solar/sun-related
shanta,bag
sharab,drink/syrup
share3,street
sharke,company
sharq,east
sharr,evil
shashe,screen
shatara,cleverness/resourcefulness
shate,to rain
shater,skilled/clever
shaw2,longing
shawarma,shawarma
shay,tea
shayef,seeing
shaytan,demon
shayyak,to check up
shbat,February
shbe3,to be full
shbeen,best man
shbeene,best woman
she3er,poetry
she3ire,poetic
sheb,to age
shebbek,window
shebeh,to resemble
sheber,palm/span
shedde,severity/intensity
sheer,to indicate/point
shehed,to witness
shehede,degree/diploma
shemmes,deacon
sherek,to participate
sherib,to drink
shi,thing/something
shi3ar,slogan
shi3i,Shiite
shifa2,healing
shife,lip
shighel,work
shite,winter
shitte,rainy/winter
shiweyye,grill (electronic)
shmandar,beetroot
shob,hot weather
shok,thorns
shoroo2,sunrise
shorta,police
shreer,evil
shtaghal,to work
shu,what
shu ma,no matter what
shuhra,fame
shway,a little
shway shway,slowly
si2a,trust
si7a,health
sighar,youth/childhood
sihhe,healthy
sijen,prison
sina3a,industry
siniyye,Chinese (f)
sira3,struggle/conflict
sirr,secret
sitt,lady
sitte,six
sitten,sixty
siyada,sovereignty
siyara,car
siyase,politics/policy
siyasi,political
siye7e,touristic
skoot,silence
skoun,peaceful feeling
sle2,wild herbs/boiled greens
sle7,weapon
so2al,question
so2out,fall/collapse
so77e,healthy
so7be,friendship
sobhiye,morning coffee gathering
sokhun,hot
solta,authority
somoud,resilience
soob,toward
sot,voice/sound
sou2,market
soudfi,coincidence
soura,picture
srafe,change (money)
srir,bed
sta3mal,to use
sta7a,to be ashamed
staf2ad,to check on someone
stasmar,to invest
subu7,morning
sukhriyye,sarcasm/satire
sukkar,sugar
sulta,authority/power
sum3a,reputation
sur3a,speed/pace
sura,picture
swe2a,driving
t2addam,to propose/advance
t2akhar,to be late
t2assar,to be influenced
t2assas,to be established/founded
t2eel,heavy
t2kid,confirmation/emphasis
t3amal,to be treated/deal with
t3arrad,to be subjected to
t3ashsha,to have dinner
t7ammam,to take a shower
t7assan,to improve
t7awwal,to transform/turn into
t7in,flour
ta,"to, in order to"
ta2a,energy
ta2a3ud,retirement
ta2ammol,meditation
ta2aqlom,adaptation
ta2deer,appreciation
ta2es,weather
ta2ife,sect
ta2ifiye,sectarianism
ta2lid,tradition
ta2lide,traditional
ta2reer,report
ta2sir,influence/effect
ta3a,come
ta3addudiye,pluralism
ta3afe,recovery
ta3atof,empathy
ta3ben,tired
ta3lim,education
ta3me,flavor/taste
ta3reef,definition
ta3ziz,strengthening
ta7lil,analysis
ta7t,under
tab3an,of course
taba2,dish/plate
taba2a,class/layer
taba3,belonging to
taba3iyye,dependency/subordination
tabarru3,donation
tabb,to turn over
tabbule,tabbouleh
tabee3a,nature
tabee3e,normal/natural
tabekh,cooking
tabkha,cooked dish
tadakhom,inflation
tadbir,resourcefulness/management
tadrib,training/practice
tadris,teaching
tafa2ol,optimism
tafe3ul,reaction
taffa,to turn off
tafkir,thinking
taghyir,change
taghziye,nutrition
tahalof,alliance
tahdith,modernizing
taher,pure/chaste
tahjir,displacement
tahmish,marginalization
tahqiq,investigation
tahtiye,infrastructure
tahwil,transfer
tajdid,renewal
tajer,trader
tajrube,experience
takhdir,to numb/anaesthetize
takhweef,frightening
tal,to be long
talazzouz,enjoyment/pleasure
tale3,rising/going up
taleb,student
talej,snow
taleta,Tuesday
talle,appearance/view
taman,price
tamm,complete
tamooz,July
tana2od,contradiction
tanawwo3,variety
tanein,Monday
tanesub,proportionality
tanjara,pot
tanker,water tanker
tanzim,organization
taqs,ritual
taqsime,division
taraf,side
tarak,to leave
tarbiye,upbringing/raising
taree2,road
taree2a,way/method
tarikh,history
tarjame,translation/subtitles
tarkiz,focus
tasaffu7,browsing
tasamo7,tolerance
tasdir,export
tashji3,encouragement
tashtit,distraction
tasli7,fixing/repair
tasliye,entertainment
tatawwor,evolution/development
tatriz,embroidery
tawa22o3,expectation
tawalla,to take over
taware2,emergency
tawattor,tension/stress
tawazoun,balance
taweel,tall/long
tawhid,unification
tawle,table
tawshe,fight/commotion
tayara,airplane
tayyar,to make something fly
tayyeb,delicious/good
taza,fresh
taza33am,to lead/head
tazkara,ticket
te7ke,to speak
tebb,medicine
teen,fig
teez,butt
tefel,child
teffe7a,apple
tefseel,tailoring
telet,third
telfon,phone
temm,mouth
ten2ama3,to be suppressed
tene,second/another
tenyeen,others
terab,soil/earth
terikhiye,historical
terja3,to come back
terwi2a,breakfast
teshreen,October/November
tesru2,to steal
tesweer,photography
teta,grandmother
tetbee2,application (app)
tfaddal,go ahead/please
tfawid,to negotiate/haggle
tghadda,to have lunch
tha2afe,culture
thawra,revolution
tiba3,character/traits
tiba3a,printing
tijara,trade
tikhsar,to lose
tili3,to go out
tilmiz,student
tineen,dragon
tirwee2a,breakfast
tis3a,nine
tis3een,ninety
tishreen awal,October
tishreen tene,November
tislee7,repair
tiyara,airplane
tiyyar,pilot
tizane,herbal tea
tjannen,to drive crazy
tkhabba,to hide
tkhalles,to finish
tkhayyal,to imagine
tlata3esh,thirteen
tle3,to come out/turn out
tlete,three
tleteen,thirty
tmarran,to practice
tmene,eight
tmeneen,eighty
tmouh,ambition
tna3esh,twelve
tnaffas,to breathe
tnaynun,both of them
tnein,two
toom,garlic
toot,berry
touras,legacy/heritage
trawwa2,to have breakfast
tru7,to go
tsakkar,to close
tsayyad,to hunt/fish
tsewe,to be worth/equal
ttalla3,to look
tufule,childhood
turase,traditional
tyab,clothes
tzakkar,to remember
téne,second/other
uda,room
udet l-a3de,living room
uns,social comfort
urb3a,Wednesday
usbu3,week
wa2e3,reality
wa2et,time
wa3a,to wake someone up
wa3e,awareness
wa3ed,promise
wa7ad,one
wa7esh,monster
wa7she,eeriness/loneliness
wadda,to send
wade3,situation
wadi,valley
wahm,illusion
wahshi,brutal/savage
waja3,pain
wajha,social standing/prestige
wajib,duty/obligation
walad,boy/kid
wara,behind
wara2,paper
warda3,to deter
warde,flower
warshe,workshop
wasa2iqe,documentary
waseele,tool/means
wasfe,recipe
wassal,to deliver
wasta,connections/favoritism
watan,homeland
watane,patriotic/national
wataniye,patriotism
wayn,where
wazeefe,job
wazzaf,to hire
we2e3,to fall
we2e7,rude/shameless
we2ef,to stop/stand up
we3e,to wake up
wehde,unity
wejj,face
welaye,term (in office)
wesekh,dirty
wlad,kids
wosol,arrival
wsel,to arrive
wudoo7,transparency/clarity
wujud,existence
y2addem,to offer/present
y2ade,to spend (time)
y2arrer,to decide
y2asses,to establish/found
y2ate3,to cut
y2awwes,to shoot
y2ool,to say
y2oul,to say
y3a2eb,to punish
y3add,to bite
y3allem,to teach
y3ane,to mean
y3eesh,to live
y3ish,to live
y7adder,to prepare
y7ae2,to achieve/realize
y7afez,to keep safe
y7ann,to feel sympathy
y7awwel,to convert/transform
y7ebb,to love/like
y7ell,to solve
y7ess,to feel
y7iff,to scrub
y7ott,to put
ya rayt,I wish
ya2ne3,to convince
ya3job,to like/please
ya3mel,to do
ya3mol,to do/make
ya3ne,meaning/I mean
ya3ref,to know
ya3roj,to limp
ya3te,to give
yad,hand
yadawi,manual/handmade
yahude,Jewish/Jews
yalla,come on/let's go
yalli,that/which
yasar,left (political)
yasari,leftist
yballesh,to begin
yboos,to kiss
ydabbel,to wink
ydabber,to manage
ydall,to remain
ydawwer,to search
ydayye3,to lose
ye2di,to fulfill
ye2le,to fry
ye2ra,to read
ye2tol,to kill
ye2ze,to hurt
ye3zum,to invite
ye7dar,to watch
ye7for,to dig
ye7ke,to speak
ye7mol,to carry
ye7tefel,to celebrate
yeb2a,to stay
yeb2od,to sit
yeb3at,to send
yeb3ed,to stay away
yed7ak,to laugh
yedfa3,to pay
yedfosh,to push
yedhar,to hang out
yedros,to study
yef7as,to examine
yefham,to understand
yefra7,to be happy
yefrum,to chop
yefsol,to separate
yefta7,to open
yeftikhir,to be proud
yeghmor,to hug
yeghra2,to drown
yehjom,to attack
yehrob,to escape
yehtamm,to take care
yejbor,to force
yeje,to come
yejma3,to collect
yekbar,to grow up
yekhdem,to serve/do a favor
yekhla2,to be born
yekhlas,to finish/run out
yekhod,to take
yekhtar,to choose
yekhtof,to kidnap
yekmal,to complete
yekol,to eat
yektob,to write
yel2a,to find
yel3ab,to play
yelbes,to wear
yelma3,to shine
yelte2e,to meet
yemsek,to hold
yemshe,to walk
yen2ared,to be extinct
yen2ebel,to be accepted
yen2el,to move/transfer
yen3amel,to be made/done
yenbaset,to enjoy/be happy
yenbosh,to search/dig
yenfo2,to soak
yenhar,to collapse
yenja7,to succeed
yenkeser,to break
yensa,to forget
yensa7,to advise
yensadem,to be shocked
yensha2,to emerge/arise
yenshor,to publish
yenta2em,to take revenge
yenter,to wait
yentor,to wait
yenza3aj,to feel annoyed
yenzel,to go down / drop
yer2os,to dance
yerba,to be raised / grow up
yerba7,to win
yerbut,to tie
yerfod,to reject
yerja3,to return
yerkab,to ride
yerkod,to run
yermi,to throw
yersom,to draw
yerte7,to rest
yes2al,to ask
yes3a,to seek / strive
yesba7,to swim
yesbor,to be patient
yesewe,to be worth/to fit
yeshrab,to drink
yeshta2,to miss
yeshteghel,to work
yeshtere,to buy
yeshwe,to grill
yesjon,to imprison
yesken,to live/reside
yeskon,to live
yesle2,to boil
yesma3,to hear / listen
yesma7,"to allow, permit"
yesqot,to fall / die
yesro2,to steal
yesrof,to spend money
yesta3mel,to use
yestafid,to benefit
yet2akhkhar,to be late
yet2akkad,to be sure
yet2atal,to fight each other
yet3a2ab,to be punished
yet3ab,to be tired
yet3allam,to learn
yet3amal,to deal / handle
yet3asha,to have dinner
yet3em,to feed
yet7akkam,to control
yet7ammam,to shower
yet7ammas,to be excited
yet7arrak,to move
yet7awwal,to transform
yetalfen,to call (phone)
yetalla3,to look
yetbanna,to adopt
yetbokh,to cook
yetghayyar,to change
yetkayyaf,to adapt
yetkhena2,to fight
yetla3,to go out
yetlob,"to order, request"
yetmanna,to wish
yetrawa2,to have breakfast
yetsalla,to have fun
yetsarraf,to behave/act
yetzakkar,to remember
yewla3,to ignite/catch fire
yewsal,to arrive
yez3al,to be sad
yezha2,to feel bored
yfaddel,to prefer
yfakker,to think
yfallet,to leave/escape
yfarje,to show
yfasser,to explain
yfattesh,to search
yfee2,to wake up
yfoor,to boil over
yghalle,to make expensive
yghanne,to sing
yghannej,to spoil
yghassel,to wash
yghayyer,to change
yghib,to disappear
yheb,to like / love
yhott,to put
yi2dar,to be able to
yi2emin,to believe
yi2la2,to worry
yi2ra,to read
yi3zum,to invite
yi7dar,to watch / attend
yi7ke,to talk/speak
yi7lam,to dream
yi7tefel,to celebrate
yibne,to build
yid3e,to call for / advocate
yidkhol,to enter
yikhfe,to hide
yikhsar,to lose
yil7a2,to chase / follow
yimor,to pass by
yimshi,to walk
yinja,to survive
yinmo,to grow up
yishba3,to be full/satiated
yishteghel,to work
yit3a2id,to believe
yitjannab,to avoid
yitne2ash,to discuss
yitwaffa,to fulfill
yitzakkar,to remember
yiwajeh,to face / confront
yizra3,to plant
yjarreb,to try
yjedil,to argue
yjeeb,to bring
yjeweb,to answer
yjeze,to reward/punish
ykaffe,to suffice
ykalef,to cost
ykhabbe,to hide
ykhaffef,to reduce / lighten
ykhalle,to let
ykhalles,to finish
ykhattet,to plan
ykhayyem,to camp
ykhlo2,to create
ykun,to be
ylef,to roll
ymarre2,to pass through
ymarren,to make practice / train
ymassel,to represent
ymayyez,to discriminate
ymidd,to extend
ymil,to lean/turn away
ymout,to die
ymrad,to get sick
ymsek,to catch/hold
ymun,has authority
ymut,to die
yn2el,to move
yna22e,to choose
ynafes,to compete
ynashef,to dry
ynazzem,to organize
ynbe,to flourish/boom
yne2ish,to debate
yne7dar,to watch
yneda,to call for
ynem,to sleep
yokhlot,to mix
yom,day
yor2os,to dance
yostodem,to clash
yotbokh,to cook
yotlob,to order
yra22e2,to soften
yra2eb,to watch/observe
yrajje3,to bring back
yrakkez,to focus
yrattab,to organize
yratteb,to organize
yrbot,to tie/link
yro7,to go
yrodd,to reply
yrou7,to go
yru7,to go
ysabbet,to stabilize
ysaddi2,to believe
ysaffi,to clear up
ysakker,to close
ysakkib,to serve/pour
ysalle,to pray
ysalle7,to fix/repair
ysallem,to greet
ysammi,to name
ysarrekh,to yell/scream
ysawwer,to take picture
ysayye7,to cry out
yse3ed,to help
yse3id,to help
yseer,to become
ysefer,to travel
yseken,to reside
yshabbeh,to compare/liken
ysharre2,to spark
yshayyik,to dress up
ysherik,to share
yshoof,to see
yshref,to overlook
ysir,to become
ysobb,to pour
ysou2,to drive
ytalfen,to call (phone)
ytatabba3,to track
ytayyer,to fly something
ytejir,to trade
ytir,to fly
ytwassa,to take care of
yuntur,to wait for
yutaleb,to demand
ywa2e3,to fall
ywa2ef,to stop
ywefe2,to agree
ywsal,to arrive
yzabbet,to fix
yzid,to add/increase
yzur,to visit
z'hoorat,herbal blossom tea
za3al,upset
za3im,leader/boss
zaatar,thyme
zaboon,client
zaffe,wedding procession
zaher,blossom
zajal,folk poetry
zajjal,folk poet
zaka,intelligence
zaki,smart
zalame,man
zalghouta,ululation
zamen,time/era
zammour,horn
zara3,to plant
zaw2,taste
zaytoun,olive
zbele,garbage
ze3el,to be sad
ze3len,upset
ze3ran,thug
zebde,butter
zeit,oil
zekra,memory
zell,shade
zenekh,stinky/annoying
zghir,small/young
zira3a,agriculture
ziyade,increase
ziyara,visit
zmil,colleague
zolom,injustice
