base_verb,english_meaning,ana,ni7na,inta,inte,into,huwe,hiyye,hinne
être,to be,suis,sommes,es,es,êtes,est,est,sont
avoir,to have,ai,avons,as,as,avez,a,a,ont
faire,to do/to make,fais,faisons,fais,fais,faites,fait,fait,font
aller,to go,vais,allons,vas,vas,allez,va,va,vont
dire,to say,dis,disons,dis,dis,dites,dit,dit,disent
pouvoir,to be able to,peux,pouvons,peux,peux,pouvez,peut,peut,peuvent
vouloir,to want,veux,voulons,veux,veux,voulez,veut,veut,veulent
savoir,to know,sais,savons,sais,sais,savez,sait,sait,savent
voir,to see,vois,voyons,vois,vois,voyez,voit,voit,voient
devoir,to have to/must,dois,devons,dois,dois,devez,doit,doit,doivent
venir,to come,viens,venons,viens,viens,venez,vient,vient,viennent
prendre,to take,prends,prenons,prends,prends,prenez,prend,prend,prennent
parler,to speak,parle,parlons,parles,parles,parlez,parle,parle,parlent
penser,to think,pense,pensons,penses,penses,pensez,pense,pense,pensent
trouver,to find,trouve,trouvons,trouves,trouves,trouvez,trouve,trouve,trouvent
donner,to give,donne,donnons,donnes,donnes,donnez,donne,donne,donnent
demander,to ask,demande,demandons,demandes,demandes,demandez,demande,demande,demandent
comprendre,to understand,comprends,comprenons,comprends,comprends,comprenez,comprend,comprend,comprennent
connaître,to know,connais,connaissons,connais,connais,connaissez,connaît,connaît,connaissent
sortir,to go out,sors,sortons,sors,sors,sortez,sort,sort,sortent
entendre,to hear,entends,entendons,entends,entends,entendez,entend,entend,entendent
chercher,to look for,cherche,cherchons,cherches,cherches,cherchez,cherche,cherche,cherchent
aider,to help,aide,aidons,aides,aides,aidez,aide,aide,aident
essayer,to try,essaie,essayons,essaies,essaies,essayez,essaie,essaie,essaient
revenir,to come back,reviens,revenons,reviens,reviens,revenez,revient,revient,reviennent
jouer,to play,joue,jouons,joues,joues,jouez,joue,joue,jouent
finir,to finish,finis,finissons,finis,finis,finissez,finit,finit,finissent
perdre,to lose,perds,perdons,perds,perds,perdez,perd,perd,perdent
sentir,to feel/to smell,sens,sentons,sens,sens,sentez,sent,sent,sentent
rentrer,to go home,rentre,rentrons,rentres,rentres,rentrez,rentre,rentre,rentrent
vivre,to live,vis,vivons,vis,vis,vivez,vit,vit,vivent
rendre,to give back,rends,rendons,rends,rends,rendez,rend,rend,rendent
oublier,to forget,oublie,oublions,oublies,oublies,oubliez,oublie,oublie,oublient
travailler,to work,travaille,travaillons,travailles,travailles,travaillez,travaille,travaille,travaillent
manger,to eat,mange,mangeons,manges,manges,mangez,mange,mange,mangent
entrer,to enter,entre,entrons,entres,entres,entrez,entre,entre,entrent
devenir,to become,deviens,devenons,deviens,deviens,devenez,devient,devient,deviennent
commencer,to start,commence,commençons,commences,commences,commencez,commence,commence,commencent
payer,to pay,paie,payons,paies,paies,payez,paie,paie,paient
ouvrir,to open,ouvre,ouvrons,ouvres,ouvres,ouvrez,ouvre,ouvre,ouvrent
changer,to change,change,changeons,changes,changes,changez,change,change,changent
dormir,to sleep,dors,dormons,dors,dors,dormez,dort,dort,dorment
marcher,to walk,marche,marchons,marches,marches,marchez,marche,marche,marchent
envoyer,to send,envoie,envoyons,envoies,envoies,envoyez,envoie,envoie,envoient
apprendre,to learn,apprends,apprenons,apprends,apprends,apprenez,apprend,apprend,apprennent
boire,to drink,bois,buvons,bois,bois,buvez,boit,boit,boivent
montrer,to show,montre,montrons,montres,montres,montrez,montre,montre,montrent
porter,to wear/to carry,porte,portons,portes,portes,portez,porte,porte,portent
servir,to serve,sers,servons,sers,sers,servez,sert,sert,servent
écrire,to write,écris,écrivons,écris,écris,écrivez,écrit,écrit,écrivent
gagner,to win/to earn,gagne,gagnons,gagnes,gagnes,gagnez,gagne,gagne,gagnent
acheter,to buy,achète,achetons,achètes,achètes,achetez,achète,achète,achètent
lire,to read,lis,lisons,lis,lis,lisez,lit,lit,lisent
monter,to go up,monte,montons,montes,montes,montez,monte,monte,montent
quitter,to leave,quitte,quittons,quittes,quittes,quittez,quitte,quitte,quittent
continuer,to continue,continue,continuons,continues,continues,continuez,continue,continue,continuent
répondre,to answer,réponds,répondons,réponds,réponds,répondez,répond,répond,répondent
rencontrer,to meet,rencontre,rencontrons,rencontres,rencontres,rencontrez,rencontre,rencontre,rencontrent
fermer,to close,ferme,fermons,fermes,fermes,fermez,ferme,ferme,ferment
apporter,to bring,apporte,apportons,apportes,apportes,apportez,apporte,apporte,apportent
décider,to decide,décide,décidons,décides,décides,décidez,décide,décide,décident
vendre,to sell,vends,vendons,vends,vends,vendez,vend,vend,vendent
expliquer,to explain,explique,expliquons,expliques,expliques,expliquez,explique,explique,expliquent
utiliser,to use,utilise,utilisons,utilises,utilises,utilisez,utilise,utilise,utilisent
recevoir,to receive,reçois,recevons,reçois,reçois,recevez,reçoit,reçoit,reçoivent
préférer,to prefer,préfère,préférons,préfères,préfères,préférez,préfère,préfère,préfèrent
offrir,to offer,offre,offrons,offres,offres,offrez,offre,offre,offrent
préparer,to prepare,prépare,préparons,prépares,prépares,préparez,prépare,prépare,préparent
choisir,to choose,choisis,choisissons,choisis,choisis,choisissez,choisit,choisit,choisissent
conduire,to drive,conduis,conduisons,conduis,conduis,conduisez,conduit,conduit,conduisent
chanter,to sing,chante,chantons,chantes,chantes,chantez,chante,chante,chantent
présenter,to introduce,présente,présentons,présentes,présentes,présentez,présente,présente,présentent
accepter,to accept,accepte,acceptons,acceptes,acceptes,acceptez,accepte,accepte,acceptent
refuser,to refuse,refuse,refusons,refuses,refuses,refusez,refuse,refuse,refusent
rire,to laugh,ris,rions,ris,ris,riez,rit,rit,rient
inviter,to invite,invite,invitons,invites,invites,invitez,invite,invite,invitent
arriver,to arrive,arrive,arrivons,arrives,arrives,arrivez,arrive,arrive,arrivent
rester,to stay,reste,restons,restes,restes,restez,reste,reste,restent
arrêter,to stop,arrête,arrêtons,arrêtes,arrêtes,arrêtez,arrête,arrête,arrêtent
suivre,to follow,suis,suivons,suis,suis,suivez,suit,suit,suivent
attendre,to wait,attends,attendons,attends,attends,attendez,attend,attend,attendent
laisser,to let/to leave,laisse,laissons,laisses,laisses,laissez,laisse,laisse,laissent
appeler,to call,appelle,appelons,appelles,appelles,appelez,appelle,appelle,appellent
partir,to leave,pars,partons,pars,pars,partez,part,part,partent
mettre,to put,mets,mettons,mets,mets,mettez,met,met,mettent
courir,to run,cours,courons,cours,cours,courez,court,court,courent
voyager,to travel,voyage,voyageons,voyages,voyages,voyagez,voyage,voyage,voyagent
regarder,to watch/to look at,regarde,regardons,regardes,regardes,regardez,regarde,regarde,regardent
écouter,to listen,écoute,écoutons,écoutes,écoutes,écoutez,écoute,écoute,écoutent
aimer,to like/to love,aime,aimons,aimes,aimes,aimez,aime,aime,aiment
adorer,to adore,adore,adorons,adores,adores,adorez,adore,adore,adorent
détester,to hate,déteste,détestons,détestes,détestes,détestez,déteste,déteste,détestent
espérer,to hope,espère,espérons,espères,espères,espérez,espère,espère,espèrent
sourire,to smile,souris,sourions,souris,souris,souriez,sourit,sourit,sourient
pleurer,to cry,pleure,pleurons,pleures,pleures,pleurez,pleure,pleure,pleurent
danser,to dance,danse,dansons,danses,danses,dansez,danse,danse,dansent
nager,to swim,nage,nageons,nages,nages,nagez,nage,nage,nagent
tomber,to fall,tombe,tombons,tombes,tombes,tombez,tombe,tombe,tombent
descendre,to go down,descends,descendons,descends,descends,descendez,descend,descend,descendent
étudier,to study,étudie,étudions,étudies,étudies,étudiez,étudie,étudie,étudient
habiter,to live/to reside,habite,habitons,habites,habites,habitez,habite,habite,habitent
visiter,to visit,visite,visitons,visites,visites,visitez,visite,visite,visitent
coûter,to cost,coûte,coûtons,coûtes,coûtes,coûtez,coûte,coûte,coûtent
lever,to get up/to raise,lève,levons,lèves,lèves,levez,lève,lève,lèvent
nettoyer,to clean,nettoie,nettoyons,nettoies,nettoies,nettoyez,nettoie,nettoie,nettoient
