arabizi_word,english_translation
der,the (masculine)
die,the (feminine/plural)
das,the (neuter)/that
und,and
sein,to be
ein,a/an
zu,to/at
ich,I
haben,to have
werden,to become
sie,she/they
Sie,you (formal)
von,from/of
nicht,not
mit,with
es,it
sich,oneself
auch,also/too
auf,on/at
für,for
an,at/on
er,he
so,so/thus
dass,that (conjunction)
können,to be able to/can
dieser,this
als,as/than
ihr,you (plural)/her
ja,yes
wie,how/as
bei,at/near
oder,or
wir,we
aber,but
dann,then
man,one/you (impersonal)
noch,still/yet
nach,after/toward
was,what
also,so/therefore
aus,out of/from
alle,all
wenn,if/when
nur,only
müssen,to have to/must
sagen,to say
um,around/at
über,over/about
machen,to do/to make
kein,no/not a
Jahr,year
du,you (informal)
mein,my
schon,already
vor,before/in front of
durch,through
geben,to give
mehr,more
andere,other
viel,much/a lot
kommen,to come
jetzt,now
sollen,should/ought to
wollen,to want
ganz,whole/quite
immer,always
gehen,to go
sehr,very
hier,here
bis,until
groß,big/tall
wieder,again
Mal,time (occurrence)
eins,one
zwei,two
gut,good
wissen,to know (a fact)
neu,new
sehen,to see
lassen,to let/to leave
uns,us
weil,because
unter,under
stehen,to stand
jeder,every/each
Beispiel,example
Zeit,time
erste,first
wo,where
wann,when
lang,long
unser,our
drei,three
wenig,few/little
Frau,woman/wife/Mrs.
Mensch,person/human being
deutsch,German
Kind,child
etwas,something/a little
Tag,day
finden,to find
nichts,nothing
bleiben,to stay
klein,small
zwischen,between
alt,old
gegen,against
liegen,to lie/to be located
ohne,without
nein,no
heute,today
weit,far/wide
heißen,to be called
denken,to think
erst,only/not until
natürlich,natural/naturally
ob,whether/if
hoch,high
beide,both
Mann,man/husband
einfach,simple/easy
vielleicht,maybe/perhaps
dort,there
einmal,once
welcher,which
nehmen,to take
tun,to do
seit,since/for
dürfen,to be allowed to/may
glauben,to believe
halten,to hold/to stop
nennen,to name/to call
Land,country/land
letzte,last
gleich,same/right away
mögen,to like
Frage,question
zeigen,to show
sprechen,to speak
Haus,house
bringen,to bring
Leute,people
schön,beautiful/nice
Arbeit,work
leben,to live
fahren,to drive/to go (by vehicle)
spät,late
wer,who
fragen,to ask
wichtig,important
Hand,hand
kennen,to know (a person)
jung,young
Stadt,city
Herr,Mr./gentleman
vier,four
nie,never
spielen,to play
arbeiten,to work
brauchen,to need
lernen,to learn
Ende,end
kurz,short
stark,strong
Schule,school
Woche,week
richtig,right/correct
oft,often
Vater,father
Leben,life
verstehen,to understand
fast,almost
dein,your (informal)
Mutter,mother
setzen,to set/to put
besser,better
schnell,fast/quick
bekommen,to get/to receive
gern,gladly
Auge,eye
sicher,safe/certain
beginnen,to begin
erzählen,to tell/to narrate
versuchen,to try
Wort,word
neben,next to/beside
schreiben,to write
warum,why
nächste,next
laufen,to run/to walk
Geld,money
erklären,to explain
klar,clear
schwer,heavy/difficult
allein,alone
sitzen,to sit
Stunde,hour
Name,name
fünf,five
scheinen,to shine/to seem
fallen,to fall
Kopf,head
gehören,to belong
Paar,pair/couple
leicht,light/easy
treffen,to meet
hinter,behind
suchen,to search/to look for
Bild,picture
Buch,book
Wasser,water
vorstellen,to introduce/to imagine
Monat,month
tragen,to carry/to wear
Familie,family
Morgen,morning
Abend,evening
zehn,ten
Aufgabe,task/assignment
frei,free
früh,early
lesen,to read
Freund,friend
schlecht,bad
Euro,euro
Nacht,night
verlieren,to lose
Platz,place/square
Zahl,number
nah,near/close
Uhr,clock/o'clock
Eltern,parents
Straße,street
voll,full
aussehen,to look/to appear
Minute,minute
Gesicht,face
Sprache,language
direkt,direct
Anfang,beginning
wohnen,to live/to reside
rot,red
offen,open
Moment,moment
warten,to wait
Interesse,interest
manchmal,sometimes
jemand,someone
Tür,door
Schüler,pupil/student
helfen,to help
sechs,six
niemand,nobody
gewinnen,to win
halb,half
schließen,to close
Wohnung,apartment
fühlen,to feel
Gespräch,conversation
erinnern,to remind/to remember
Lehrer,teacher
studieren,to study
Preis,price/prize
Boden,floor/ground
Sohn,son
bedeuten,to mean
schwarz,black
sofort,immediately
acht,eight
Angst,fear
Musik,music
schauen,to look
schwierig,difficult
verlassen,to leave
bald,soon
Beruf,profession/job
ändern,to change
genug,enough
Auto,car
Tisch,table
endlich,finally
Zukunft,future
planen,to plan
Spiel,game
sieben,seven
neun,nine
elf,eleven
zwölf,twelve
zwanzig,twenty
dreißig,thirty
vierzig,forty
fünfzig,fifty
hundert,hundred
tausend,thousand
hallo,hello
tschüss,bye
bitte,please/you're welcome
danke,thank you
Entschuldigung,excuse me/sorry
Guten Morgen,good morning
Guten Tag,good day/hello
Guten Abend,good evening
Gute Nacht,good night
Auf Wiedersehen,goodbye
Montag,Monday
Dienstag,Tuesday
Mittwoch,Wednesday
Donnerstag,Thursday
Freitag,Friday
Samstag,Saturday
Sonntag,Sunday
Januar,January
Februar,February
März,March
April,April
Mai,May
Juni,June
Juli,July
August,August
September,September
Oktober,October
November,November
Dezember,December
Frühling,spring
Sommer,summer
Herbst,autumn/fall
Winter,winter
Wochenende,weekend
morgen,tomorrow
gestern,yesterday
Mittag,noon
Feiertag,holiday
Großmutter,grandmother
Großvater,grandfather
Oma,grandma
Opa,grandpa
Onkel,uncle
Tante,aunt
Bruder,brother
Schwester,sister
Tochter,daughter
Baby,baby
Ehemann,husband
Ehefrau,wife
Nachbar,neighbor
Freundin,girlfriend/female friend
Brot,bread
Milch,milk
Kaffee,coffee
Tee,tea
Saft,juice
Bier,beer
Wein,wine
Apfel,apple
Banane,banana
Kartoffel,potato
Tomate,tomato
Fleisch,meat
Fisch,fish
Huhn,chicken
Ei,egg
Käse,cheese
Butter,butter
Zucker,sugar
Salz,salt
Reis,rice
Suppe,soup
Salat,salad
Kuchen,cake
Obst,fruit
Gemüse,vegetables
Frühstück,breakfast
Mittagessen,lunch
Abendessen,dinner
Restaurant,restaurant
Küche,kitchen
Teller,plate
Tasse,cup
Messer,knife
Gabel,fork
Löffel,spoon
Glas,glass
essen,to eat
trinken,to drink
kochen,to cook
Zimmer,room
Schlafzimmer,bedroom
Badezimmer,bathroom
Wohnzimmer,living room
Fenster,window
Wand,wall
Dach,roof
Stuhl,chair
Bett,bed
Sofa,sofa
Schrank,closet/cabinet
Lampe,lamp
Spiegel,mirror
Garten,garden
Schlüssel,key
Adresse,address
Keller,basement
Universität,university
Student,university student
Büro,office
Firma,company
Chef,boss
Heft,notebook
Stift,pen
Bleistift,pencil
Papier,paper
Computer,computer
Handy,cell phone
Prüfung,exam
Hausaufgabe,homework
Klasse,class
Unterricht,lesson/class
Termin,appointment
Wetter,weather
Sonne,sun
Regen,rain
Schnee,snow
Wind,wind
Wolke,cloud
Himmel,sky
Sturm,storm
warm,warm
kalt,cold
heiß,hot
kühl,cool
Baum,tree
Blume,flower
Berg,mountain
Fluss,river
See,lake
Meer,sea
Wald,forest
Feld,field
Kopfschmerzen,headache
Haar,hair
Ohr,ear
Nase,nose
Mund,mouth
Zahn,tooth
Hals,neck
Schulter,shoulder
Arm,arm
Finger,finger
Bein,leg
Fuß,foot
Bauch,stomach/belly
Rücken,back
Herz,heart
Knie,knee
blau,blue
grün,green
gelb,yellow
weiß,white
braun,brown
grau,gray
orange,orange (color)
rosa,pink
hässlich,ugly
langsam,slow
teuer,expensive
billig,cheap
schwach,weak
glücklich,happy
traurig,sad
müde,tired
krank,sick
gesund,healthy
hungrig,hungry
durstig,thirsty
laut,loud
leise,quiet
leer,empty
sauber,clean
schmutzig,dirty
falsch,wrong
interessant,interesting
langweilig,boring
lustig,funny
nett,nice/kind
freundlich,friendly
böse,angry/mean
Bahnhof,train station
Flughafen,airport
Hotel,hotel
Geschäft,store/shop
Markt,market
Bank,bank
Krankenhaus,hospital
Park,park
Kirche,church
Museum,museum
Bibliothek,library
Apotheke,pharmacy
Supermarkt,supermarket
Bäckerei,bakery
Bus,bus
Zug,train
Fahrrad,bicycle
Taxi,taxi
Flugzeug,airplane
Schiff,ship
reisen,to travel
besuchen,to visit
ankommen,to arrive
abfahren,to depart
einsteigen,to get in/board
aussteigen,to get out/disembark
Kleidung,clothing
Hemd,shirt
Hose,pants
Rock,skirt
Kleid,dress
Jacke,jacket
Mantel,coat
Schuh,shoe
Socke,sock
Hut,hat
Handschuh,glove
Gürtel,belt
Tasche,bag
Hund,dog
Katze,cat
Vogel,bird
Pferd,horse
Kuh,cow
Schwein,pig
Maus,mouse
Löwe,lion
Bär,bear
Hase,rabbit
Schaf,sheep
kaufen,to buy
verkaufen,to sell
bezahlen,to pay
kosten,to cost
Rechnung,bill/invoice
Geschenk,gift
Kasse,cash register/checkout
Satz,sentence
Antwort,answer
Brief,letter
Nachricht,message
Telefon,telephone
Internet,internet
telefonieren,to phone/to call
antworten,to answer
öffnen,to open
lieben,to love
hassen,to hate
lachen,to laugh
weinen,to cry
singen,to sing
tanzen,to dance
schlafen,to sleep
aufstehen,to get up
duschen,to shower
waschen,to wash
putzen,to clean
vergessen,to forget
hoffen,to hope
wünschen,to wish
fliegen,to fly
schwimmen,to swim
springen,to jump
rufen,to call out
schicken,to send
kriegen,to get/receive (informal)
